{"type":"FeatureCollection","features":[{"type":"Feature","properties":{"codigo":"43","sigla":"RS","nome":"Rio Grande do Sul","regiao":"Sul","area_km2":281707.15},"geometry":{"type":"MultiPolygon","coordinates":[[[[-53.82964,-27.17263],[-53.67505,-27.16068],[-53.65099,-27.21006],[-53.50313,-27.13476],[-53.45537,-27.15689],[-53.38104,-27.09411],[-53.29294,-27.14081],[-53.32258,-27.2115],[-53.23209,-27.17111],[-53.07124,-27.15697],[-53.02033,-27.10455],[-52.99998,-27.2067],[-52.85998,-27.17043],[-52.61789,-27.26571],[-52.55289,-27.23928],[-52.29977,-27.31908],[-52.16129,-27.31429],[-51.95209,-27.38025],[-52.00847,-27.40207],[-51.90049,-27.46406],[-51.89479,-27.51702],[-51.7857,-27.52822],[-51.69965,-27.47906],[-51.58737,-27.56318],[-51.48334,-27.56323],[-51.41915,-27.65464],[-51.38129,-27.6255],[-51.27461,-27.74848],[-51.13461,-27.80366],[-51.05597,-27.90367],[-50.92397,-27.97165],[-50.85899,-28.13971],[-50.6966,-28.26784],[-50.61388,-28.39361],[-50.35098,-28.42485],[-50.22265,-28.46327],[-50.1294,-28.44102],[-50.10266,-28.48409],[-49.97077,-28.44021],[-49.85422,-28.44466],[-49.72687,-28.51893],[-49.69139,-28.62137],[-49.78256,-28.6098],[-49.83406,-28.69329],[-49.96133,-28.77218],[-49.93366,-28.96582],[-49.96828,-29.11478],[-50.01632,-29.18278],[-50.13781,-29.19374],[-50.11432,-29.25762],[-49.96502,-29.19944],[-49.71294,-29.32558],[-49.90729,-29.58465],[-50.05869,-29.84992],[-50.15797,-30.06652],[-50.30606,-30.44712],[-50.37398,-30.56289],[-50.76724,-31.11011],[-51.22094,-31.53941],[-51.42724,-31.69562],[-51.83088,-31.91916],[-52.07724,-32.14321],[-52.23388,-32.26023],[-52.29303,-32.33832],[-52.41573,-32.60523],[-52.49518,-32.86723],[-52.62386,-33.10424],[-52.77673,-33.28309],[-53.15624,-33.59008],[-53.37004,-33.74391],[-53.53235,-33.6888],[-53.5112,-33.4595],[-53.51825,-33.15335],[-53.44441,-33.05295],[-53.24471,-32.93488],[-53.31016,-32.91876],[-53.18496,-32.85043],[-53.07558,-32.74088],[-53.26857,-32.60406],[-53.4369,-32.54816],[-53.64402,-32.38493],[-53.74787,-32.07786],[-53.80669,-32.06986],[-53.96326,-31.92196],[-54.08803,-31.93124],[-54.45623,-31.6517],[-54.47294,-31.57035],[-54.58685,-31.45654],[-54.75202,-31.42446],[-54.83646,-31.44194],[-54.94108,-31.37925],[-55.00241,-31.26922],[-55.07446,-31.33209],[-55.24676,-31.25224],[-55.35135,-31.03761],[-55.43705,-31.00472],[-55.57861,-30.8329],[-55.66315,-30.87189],[-55.66619,-30.95398],[-55.81218,-31.01469],[-55.87076,-31.07157],[-56.01112,-31.08158],[-56.02361,-30.78574],[-56.1501,-30.70549],[-56.18767,-30.60469],[-56.29061,-30.52199],[-56.37808,-30.50146],[-56.46218,-30.38448],[-56.54614,-30.36065],[-56.6608,-30.19834],[-56.85037,-30.0889],[-57.0239,-30.08754],[-57.11673,-30.12004],[-57.20421,-30.28514],[-57.31136,-30.2581],[-57.38944,-30.30246],[-57.56798,-30.25223],[-57.5941,-30.17899],[-57.4646,-30.11034],[-57.32814,-29.97204],[-57.32969,-29.88764],[-57.2354,-29.78079],[-57.13191,-29.77016],[-56.97115,-29.64341],[-56.90196,-29.53382],[-56.82209,-29.49002],[-56.7587,-29.3709],[-56.66452,-29.29499],[-56.58875,-29.11981],[-56.43042,-29.0795],[-56.37899,-28.94803],[-56.30005,-28.89556],[-56.29974,-28.80811],[-56.19416,-28.7752],[-56.00237,-28.5783],[-56.02323,-28.52276],[-55.88401,-28.47916],[-55.90039,-28.39835],[-55.85058,-28.35539],[-55.75657,-28.36943],[-55.70434,-28.42756],[-55.66915,-28.34076],[-55.77125,-28.24145],[-55.56416,-28.16351],[-55.48788,-28.07646],[-55.36939,-28.02726],[-55.32728,-27.92674],[-55.20268,-27.85786],[-55.13931,-27.89507],[-55.02469,-27.83531],[-55.08271,-27.79686],[-54.94942,-27.77928],[-54.9066,-27.64188],[-54.78455,-27.57869],[-54.68086,-27.5745],[-54.58939,-27.45818],[-54.52492,-27.50617],[-54.4114,-27.40529],[-54.34612,-27.46698],[-54.21444,-27.38158],[-54.18656,-27.26491],[-54.10105,-27.30326],[-53.94658,-27.15126],[-53.8371,-27.16843],[-53.82964,-27.17263]]],[[[-49.70392,-29.34774],[-49.70499,-29.34734],[-49.70442,-29.34545],[-49.70392,-29.34774]]]]}},{"type":"Feature","properties":{"codigo":"35","sigla":"SP","nome":"São Paulo","regiao":"Sudeste","area_km2":248219.485},"geometry":{"type":"MultiPolygon","coordinates":[[[[-48.03747,-25.35599],[-48.03541,-25.35682],[-48.0375,-25.358],[-48.03747,-25.35599]]],[[[-47.95763,-25.27303],[-47.95283,-25.27274],[-47.95334,-25.27446],[-47.95763,-25.27303]]],[[[-47.90948,-25.16709],[-47.91477,-25.16631],[-47.91142,-25.16285],[-47.90948,-25.16709]]],[[[-47.86218,-25.13227],[-47.86025,-25.13092],[-47.86067,-25.13356],[-47.86218,-25.13227]]],[[[-47.85624,-25.12501],[-47.86514,-25.12182],[-47.8529,-25.11584],[-47.85624,-25.12501]]],[[[-46.67163,-24.48896],[-46.67625,-24.492],[-46.67743,-24.47797],[-46.67163,-24.48896]]],[[[-47.03112,-24.4288],[-47.03136,-24.42856],[-47.03106,-24.42853],[-47.03112,-24.4288]]],[[[-46.99443,-24.41113],[-46.99361,-24.41098],[-46.99374,-24.41139],[-46.99443,-24.41113]]],[[[-47.00063,-24.40996],[-47.00332,-24.40931],[-47.00058,-24.40846],[-47.00063,-24.40996]]],[[[-46.99967,-24.40841],[-46.99951,-24.40804],[-46.99932,-24.40842],[-46.99967,-24.40841]]],[[[-47.00771,-24.39643],[-47.00767,-24.39617],[-47.00725,-24.39635],[-47.00771,-24.39643]]],[[[-46.9866,-24.38481],[-46.9884,-24.38537],[-46.98828,-24.38403],[-46.9866,-24.38481]]],[[[-46.98475,-24.38251],[-46.98761,-24.38093],[-46.98502,-24.37922],[-46.98475,-24.38251]]],[[[-46.80795,-24.37441],[-46.80534,-24.37456],[-46.80802,-24.37594],[-46.80795,-24.37441]]],[[[-46.80356,-24.37362],[-46.80422,-24.37545],[-46.8051,-24.37474],[-46.80356,-24.37362]]],[[[-47.00509,-24.36784],[-47.00501,-24.36729],[-47.00459,-24.36747],[-47.00509,-24.36784]]],[[[-46.98068,-24.36281],[-46.98114,-24.36156],[-46.97947,-24.36065],[-46.98068,-24.36281]]],[[[-46.99951,-24.34938],[-46.99958,-24.3496],[-46.99979,-24.34952],[-46.99951,-24.34938]]],[[[-46.89055,-24.25452],[-46.89068,-24.2537],[-46.88953,-24.2544],[-46.89055,-24.25452]]],[[[-46.69024,-24.23706],[-46.69054,-24.23772],[-46.69113,-24.23697],[-46.69024,-24.23706]]],[[[-46.79299,-24.19491],[-46.7933,-24.19373],[-46.79162,-24.19491],[-46.79299,-24.19491]]],[[[-52.99858,-22.49318],[-52.85476,-22.43911],[-52.79833,-22.37827],[-52.48771,-22.21721],[-52.37722,-22.10668],[-52.31902,-21.97213],[-52.10379,-21.74605],[-52.04952,-21.64309],[-52.10229,-21.55484],[-51.92868,-21.45582],[-51.84851,-21.26664],[-51.86547,-21.13054],[-51.78967,-21.10212],[-51.7137,-20.97146],[-51.62359,-20.94443],[-51.6349,-20.75485],[-51.59415,-20.64385],[-51.50022,-20.56822],[-51.34271,-20.35466],[-51.13241,-20.29553],[-51.06916,-20.25005],[-51.00047,-20.08538],[-50.96913,-20.03645],[-50.7836,-19.93723],[-50.6581,-19.90715],[-50.57795,-19.81637],[-50.46932,-19.77989],[-50.35276,-19.8646],[-50.09724,-19.87548],[-50.04724,-19.91539],[-49.88834,-19.9453],[-49.63441,-19.93193],[-49.55149,-19.90584],[-49.45381,-19.97806],[-49.29754,-19.96055],[-49.29925,-20.16708],[-49.22529,-20.30534],[-49.12241,-20.27354],[-49.06748,-20.15474],[-48.98605,-20.17077],[-48.96303,-20.40312],[-48.86704,-20.39835],[-48.88708,-20.27528],[-48.82213,-20.16155],[-48.63771,-20.16535],[-48.59325,-20.13581],[-48.40578,-20.11351],[-48.21864,-20.12788],[-48.20777,-20.03937],[-48.10549,-20.14636],[-48.02016,-20.12403],[-47.97597,-20.03537],[-47.93152,-20.11043],[-47.87508,-20.09837],[-47.85975,-19.99294],[-47.71269,-19.97815],[-47.63966,-20.04722],[-47.58382,-19.99666],[-47.46332,-19.96579],[-47.40813,-20.0802],[-47.26178,-20.15992],[-47.23107,-20.21915],[-47.29821,-20.34844],[-47.29277,-20.44773],[-47.15452,-20.51955],[-47.09746,-20.64388],[-47.16476,-20.70146],[-47.24004,-20.88528],[-47.14374,-20.98239],[-47.13304,-21.13322],[-47.06471,-21.20709],[-47.01151,-21.42227],[-46.90831,-21.42118],[-46.81731,-21.36644],[-46.70748,-21.40461],[-46.66672,-21.36129],[-46.61526,-21.44147],[-46.51905,-21.44895],[-46.51823,-21.61282],[-46.62159,-21.67554],[-46.62603,-21.76623],[-46.69097,-21.83696],[-46.61326,-22.01496],[-46.68539,-22.03742],[-46.59853,-22.13639],[-46.6743,-22.1763],[-46.72326,-22.30662],[-46.66652,-22.41511],[-46.55481,-22.44665],[-46.45332,-22.5225],[-46.39306,-22.66297],[-46.48064,-22.67832],[-46.45272,-22.72758],[-46.33257,-22.76612],[-46.3755,-22.87101],[-46.34522,-22.90468],[-46.14503,-22.85719],[-46.13909,-22.92276],[-46.00761,-22.88929],[-45.91325,-22.81697],[-45.88852,-22.87601],[-45.76696,-22.84081],[-45.73256,-22.722],[-45.81993,-22.72272],[-45.73669,-22.61015],[-45.68108,-22.63634],[-45.4888,-22.62879],[-45.41052,-22.65167],[-45.27587,-22.61696],[-45.15032,-22.50736],[-44.96586,-22.47519],[-44.80944,-22.40557],[-44.73304,-22.43419],[-44.64345,-22.60049],[-44.50859,-22.64095],[-44.39279,-22.57281],[-44.22637,-22.60456],[-44.16137,-22.67826],[-44.25758,-22.76696],[-44.2676,-22.82902],[-44.46692,-22.88497],[-44.48437,-22.84636],[-44.60714,-22.88534],[-44.7919,-22.98188],[-44.82442,-23.16269],[-44.88932,-23.22659],[-44.72808,-23.36893],[-44.72425,-23.36756],[-44.72774,-23.37016],[-44.84423,-23.38703],[-44.90816,-23.33417],[-45.05387,-23.41671],[-45.11965,-23.52126],[-45.21935,-23.52892],[-45.24422,-23.59373],[-45.31141,-23.57567],[-45.42831,-23.65791],[-45.39687,-23.78057],[-45.51457,-23.84208],[-45.55515,-23.79501],[-45.80771,-23.75911],[-45.89832,-23.76535],[-46.1284,-23.84409],[-46.17887,-23.92418],[-46.18681,-23.97249],[-46.37504,-23.97],[-46.455,-24.02391],[-46.81531,-24.20149],[-46.92055,-24.26737],[-46.99394,-24.32541],[-47.02883,-24.4271],[-47.14466,-24.4923],[-47.24501,-24.57397],[-47.56103,-24.75791],[-47.84292,-24.9766],[-47.90238,-25.06567],[-47.91406,-25.15937],[-48.0961,-25.30887],[-48.09743,-25.31024],[-48.02354,-25.23093],[-48.113,-25.25087],[-48.19336,-25.18987],[-48.1585,-25.14991],[-48.24932,-24.97871],[-48.32414,-25.03675],[-48.41187,-24.9804],[-48.52858,-25.10079],[-48.60083,-25.01051],[-48.56737,-24.97227],[-48.55575,-24.8062],[-48.5115,-24.74057],[-48.60117,-24.6691],[-48.77865,-24.69673],[-48.82284,-24.6553],[-49.05421,-24.68238],[-49.31202,-24.66353],[-49.31599,-24.55551],[-49.24692,-24.4691],[-49.20068,-24.34441],[-49.28112,-24.30966],[-49.35068,-24.2208],[-49.33657,-24.13758],[-49.48715,-24.0246],[-49.52234,-23.91656],[-49.60762,-23.84062],[-49.56007,-23.81193],[-49.5492,-23.70402],[-49.61608,-23.64055],[-49.62422,-23.5233],[-49.59541,-23.36709],[-49.72555,-23.10944],[-49.9116,-23.05112],[-49.96138,-22.93086],[-50.05274,-22.90527],[-50.18508,-22.954],[-50.34019,-22.94807],[-50.37907,-22.90541],[-50.51102,-22.94464],[-50.66355,-22.89567],[-50.71308,-22.95599],[-50.80615,-22.9403],[-50.79782,-22.88855],[-50.89533,-22.7943],[-51.12792,-22.75999],[-51.2652,-22.6677],[-51.4531,-22.65575],[-51.55957,-22.69718],[-51.72587,-22.66146],[-51.77162,-22.61413],[-51.87366,-22.62822],[-51.94051,-22.56734],[-52.1276,-22.51992],[-52.15668,-22.64472],[-52.22258,-22.67554],[-52.43305,-22.60717],[-52.49882,-22.63423],[-52.58934,-22.5661],[-52.69711,-22.62701],[-52.97242,-22.57048],[-53.08779,-22.65844],[-53.10519,-22.62193],[-52.99858,-22.49318]]],[[[-46.36763,-23.9822],[-46.36782,-23.98254],[-46.36836,-23.98225],[-46.36763,-23.9822]]],[[[-46.35365,-23.97459],[-46.35136,-23.97321],[-46.35248,-23.97493],[-46.35365,-23.97459]]],[[[-46.16071,-24.32767],[-46.16241,-24.33113],[-46.16342,-24.3311],[-46.16071,-24.32767]]],[[[-46.18035,-24.31977],[-46.18338,-24.32073],[-46.18007,-24.31808],[-46.18035,-24.31977]]],[[[-45.6797,-24.09687],[-45.69193,-24.10583],[-45.6884,-24.09228],[-45.6797,-24.09687]]],[[[-45.70161,-24.09586],[-45.70237,-24.09658],[-45.70229,-24.09559],[-45.70161,-24.09586]]],[[[-45.70425,-24.09388],[-45.70532,-24.09389],[-45.70424,-24.09354],[-45.70425,-24.09388]]],[[[-45.65894,-24.08928],[-45.65862,-24.08863],[-45.65841,-24.08896],[-45.65894,-24.08928]]],[[[-45.66347,-24.08365],[-45.66318,-24.08254],[-45.66293,-24.08347],[-45.66347,-24.08365]]],[[[-45.71614,-24.07995],[-45.71722,-24.08011],[-45.71656,-24.07935],[-45.71614,-24.07995]]],[[[-45.71815,-24.07752],[-45.7181,-24.07661],[-45.7167,-24.07667],[-45.71815,-24.07752]]],[[[-45.65434,-24.07478],[-45.65605,-24.07692],[-45.65641,-24.07601],[-45.65434,-24.07478]]],[[[-46.27045,-24.04959],[-46.27071,-24.0499],[-46.27102,-24.04973],[-46.27045,-24.04959]]],[[[-46.26075,-24.05244],[-46.26575,-24.05007],[-46.26267,-24.04522],[-46.26075,-24.05244]]],[[[-46.295,-24.02848],[-46.29419,-24.0275],[-46.29398,-24.02791],[-46.295,-24.02848]]],[[[-46.29372,-24.02536],[-46.29211,-24.02492],[-46.29311,-24.0261],[-46.29372,-24.02536]]],[[[-46.21749,-24.0101],[-46.21952,-24.01054],[-46.21653,-24.00759],[-46.21749,-24.0101]]],[[[-46.32541,-24.00939],[-46.32477,-24.00799],[-46.3235,-24.00852],[-46.32541,-24.00939]]],[[[-46.25591,-24.00135],[-46.25505,-24.0009],[-46.25373,-24.00268],[-46.25591,-24.00135]]],[[[-46.18126,-23.97516],[-46.18366,-23.97223],[-46.18014,-23.97078],[-46.18126,-23.97516]]],[[[-46.17696,-23.97059],[-46.17654,-23.96984],[-46.17605,-23.97022],[-46.17696,-23.97059]]],[[[-46.16608,-23.96755],[-46.1681,-23.96769],[-46.16783,-23.96636],[-46.16608,-23.96755]]],[[[-46.16995,-23.92706],[-46.16958,-23.92743],[-46.17048,-23.92787],[-46.16995,-23.92706]]],[[[-46.16821,-23.91469],[-46.16655,-23.91567],[-46.16811,-23.9159],[-46.16821,-23.91469]]],[[[-46.13759,-23.89248],[-46.13592,-23.89185],[-46.1368,-23.89336],[-46.13759,-23.89248]]],[[[-46.13039,-23.88487],[-46.1292,-23.88384],[-46.12833,-23.88524],[-46.13039,-23.88487]]],[[[-46.13583,-23.87272],[-46.13565,-23.87158],[-46.13419,-23.8721],[-46.13583,-23.87272]]],[[[-45.77447,-23.86125],[-45.78119,-23.87092],[-45.78423,-23.85946],[-45.77447,-23.86125]]],[[[-46.02494,-23.82588],[-46.02589,-23.82696],[-46.02607,-23.82565],[-46.02494,-23.82588]]],[[[-45.67014,-23.80702],[-45.6716,-23.80592],[-45.66729,-23.80452],[-45.67014,-23.80702]]],[[[-45.71511,-23.80301],[-45.72619,-23.8023],[-45.71882,-23.7986],[-45.71511,-23.80301]]],[[[-45.70432,-23.78869],[-45.71759,-23.79368],[-45.71109,-23.78716],[-45.70432,-23.78869]]],[[[-45.80073,-23.77307],[-45.79893,-23.7728],[-45.8004,-23.77376],[-45.80073,-23.77307]]],[[[-45.74725,-23.77188],[-45.74673,-23.77133],[-45.74644,-23.77167],[-45.74725,-23.77188]]],[[[-45.75377,-23.76945],[-45.75336,-23.76955],[-45.75376,-23.76976],[-45.75377,-23.76945]]],[[[-45.30034,-23.92228],[-45.30051,-23.92276],[-45.30092,-23.92265],[-45.30034,-23.92228]]],[[[-45.29754,-23.92066],[-45.29809,-23.92035],[-45.29674,-23.9194],[-45.29754,-23.92066]]],[[[-45.29604,-23.91824],[-45.29637,-23.91928],[-45.29712,-23.91897],[-45.29604,-23.91824]]],[[[-45.3257,-23.91898],[-45.32316,-23.91463],[-45.32368,-23.91723],[-45.3257,-23.91898]]],[[[-45.26415,-23.88996],[-45.26507,-23.88866],[-45.26281,-23.88784],[-45.26415,-23.88996]]],[[[-45.25895,-23.88915],[-45.26001,-23.88911],[-45.25855,-23.88827],[-45.25895,-23.88915]]],[[[-45.28695,-23.86054],[-45.28574,-23.85963],[-45.28634,-23.86087],[-45.28695,-23.86054]]],[[[-45.41699,-23.85308],[-45.41706,-23.85333],[-45.41792,-23.85319],[-45.41699,-23.85308]]],[[[-45.52539,-23.85628],[-45.52652,-23.85006],[-45.52037,-23.84746],[-45.52539,-23.85628]]],[[[-45.27894,-23.85102],[-45.27805,-23.85008],[-45.27699,-23.85125],[-45.27894,-23.85102]]],[[[-45.44432,-23.93415],[-45.36573,-23.80901],[-45.34147,-23.72779],[-45.23033,-23.77799],[-45.32588,-23.91195],[-45.44432,-23.93415]]],[[[-45.44396,-23.8313],[-45.4431,-23.83191],[-45.44381,-23.83213],[-45.44396,-23.8313]]],[[[-45.39181,-23.82862],[-45.39242,-23.83009],[-45.39346,-23.82979],[-45.39181,-23.82862]]],[[[-45.41291,-23.82792],[-45.41263,-23.82812],[-45.41277,-23.82828],[-45.41291,-23.82792]]],[[[-45.54268,-23.82887],[-45.54195,-23.8273],[-45.54123,-23.8284],[-45.54268,-23.82887]]],[[[-45.15332,-23.82851],[-45.15589,-23.82771],[-45.15291,-23.82622],[-45.15332,-23.82851]]],[[[-45.46992,-23.8235],[-45.46984,-23.82375],[-45.4702,-23.82381],[-45.46992,-23.8235]]],[[[-45.40636,-23.8164],[-45.40648,-23.81627],[-45.40615,-23.81631],[-45.40636,-23.8164]]],[[[-45.40749,-23.81494],[-45.40673,-23.81493],[-45.40679,-23.81545],[-45.40749,-23.81494]]],[[[-45.40613,-23.81385],[-45.40575,-23.81384],[-45.40572,-23.81418],[-45.40613,-23.81385]]],[[[-45.22731,-23.81434],[-45.22926,-23.81274],[-45.22606,-23.81183],[-45.22731,-23.81434]]],[[[-45.116,-23.8029],[-45.14706,-23.81762],[-45.14864,-23.79174],[-45.116,-23.8029]]],[[[-45.27991,-23.59586],[-45.29478,-23.60198],[-45.2915,-23.59342],[-45.27991,-23.59586]]],[[[-45.30927,-23.58605],[-45.3095,-23.58716],[-45.31059,-23.58654],[-45.30927,-23.58605]]],[[[-45.31259,-23.58391],[-45.31095,-23.58128],[-45.31045,-23.58375],[-45.31259,-23.58391]]],[[[-45.14894,-23.56752],[-45.16331,-23.56756],[-45.15524,-23.56025],[-45.14894,-23.56752]]],[[[-45.15098,-23.55966],[-45.15195,-23.55917],[-45.15077,-23.55823],[-45.15098,-23.55966]]],[[[-45.15558,-23.55054],[-45.15505,-23.55002],[-45.15523,-23.55076],[-45.15558,-23.55054]]],[[[-45.21672,-23.55097],[-45.219,-23.55054],[-45.21598,-23.54856],[-45.21672,-23.55097]]],[[[-45.15486,-23.5469],[-45.15459,-23.5484],[-45.15585,-23.54723],[-45.15486,-23.5469]]],[[[-45.1542,-23.53416],[-45.15437,-23.53387],[-45.15383,-23.53351],[-45.1542,-23.53416]]],[[[-45.21044,-23.53315],[-45.21399,-23.53297],[-45.2117,-23.53187],[-45.21044,-23.53315]]],[[[-45.01475,-23.76126],[-45.0235,-23.74073],[-45.00754,-23.75474],[-45.01475,-23.76126]]],[[[-45.03021,-23.73637],[-45.02964,-23.73759],[-45.03391,-23.73867],[-45.03021,-23.73637]]],[[[-45.02538,-23.73717],[-45.02093,-23.73438],[-45.02432,-23.73999],[-45.02538,-23.73717]]],[[[-45.0774,-23.56472],[-45.07915,-23.56298],[-45.0758,-23.5626],[-45.0774,-23.56472]]],[[[-45.02439,-23.54966],[-45.02429,-23.54992],[-45.02473,-23.54997],[-45.02439,-23.54966]]],[[[-45.02616,-23.54763],[-45.0315,-23.54659],[-45.02449,-23.54428],[-45.02616,-23.54763]]],[[[-45.0777,-23.56124],[-45.08358,-23.53877],[-45.04081,-23.54119],[-45.0777,-23.56124]]],[[[-45.02301,-23.54329],[-45.0228,-23.54342],[-45.02322,-23.54365],[-45.02301,-23.54329]]],[[[-45.04205,-23.51872],[-45.04122,-23.51638],[-45.0399,-23.51718],[-45.04205,-23.51872]]],[[[-45.10195,-23.49902],[-45.10233,-23.49966],[-45.10251,-23.49865],[-45.10195,-23.49902]]],[[[-45.05263,-23.46822],[-45.05218,-23.46808],[-45.05228,-23.4685],[-45.05263,-23.46822]]],[[[-45.0588,-23.46814],[-45.05814,-23.46787],[-45.05835,-23.46832],[-45.0588,-23.46814]]],[[[-44.90583,-23.42657],[-44.90094,-23.42475],[-44.90244,-23.42734],[-44.90583,-23.42657]]],[[[-44.86187,-23.42288],[-44.85971,-23.42174],[-44.86012,-23.42331],[-44.86187,-23.42288]]],[[[-44.84954,-23.42098],[-44.85849,-23.42445],[-44.85386,-23.41538],[-44.84954,-23.42098]]],[[[-45.00803,-23.41329],[-45.00862,-23.41369],[-45.00861,-23.41311],[-45.00803,-23.41329]]],[[[-44.93554,-23.41229],[-44.93606,-23.41263],[-44.93593,-23.41232],[-44.93554,-23.41229]]],[[[-44.85047,-23.40405],[-44.84939,-23.404],[-44.85034,-23.40533],[-44.85047,-23.40405]]],[[[-44.89783,-23.40273],[-44.89722,-23.40249],[-44.89706,-23.40342],[-44.89783,-23.40273]]],[[[-44.85487,-23.39946],[-44.85644,-23.39994],[-44.85559,-23.39871],[-44.85487,-23.39946]]],[[[-44.85298,-23.4025],[-44.8542,-23.3981],[-44.84669,-23.3963],[-44.85298,-23.4025]]],[[[-44.93872,-23.39079],[-44.93836,-23.39091],[-44.93887,-23.39111],[-44.93872,-23.39079]]],[[[-44.88702,-23.38885],[-44.88825,-23.38954],[-44.88803,-23.38819],[-44.88702,-23.38885]]],[[[-44.93894,-23.38885],[-44.93813,-23.38696],[-44.9362,-23.38821],[-44.93894,-23.38885]]],[[[-44.94062,-23.38323],[-44.94554,-23.38762],[-44.94667,-23.38288],[-44.94062,-23.38323]]],[[[-44.93517,-23.38461],[-44.93485,-23.3847],[-44.93528,-23.38491],[-44.93517,-23.38461]]],[[[-44.88883,-23.38372],[-44.88714,-23.38387],[-44.88851,-23.38558],[-44.88883,-23.38372]]],[[[-44.89766,-23.3762],[-44.90712,-23.38024],[-44.90279,-23.37524],[-44.89766,-23.3762]]],[[[-44.89306,-23.35323],[-44.89292,-23.35268],[-44.89251,-23.35316],[-44.89306,-23.35323]]],[[[-44.90486,-23.35268],[-44.90256,-23.3515],[-44.90379,-23.35322],[-44.90486,-23.35268]]],[[[-44.90894,-23.33641],[-44.90813,-23.33732],[-44.90888,-23.33739],[-44.90894,-23.33641]]]]}},{"type":"Feature","properties":{"codigo":"32","sigla":"ES","nome":"Espírito Santo","regiao":"Sudeste","area_km2":46074.44},"geometry":{"type":"MultiPolygon","coordinates":[[[[-40.88506,-21.16265],[-40.88394,-21.16182],[-40.88325,-21.16375],[-40.88506,-21.16265]]],[[[-40.80084,-21.00614],[-40.80038,-21.00598],[-40.8012,-21.00683],[-40.80084,-21.00614]]],[[[-40.78769,-21.00295],[-40.78779,-21.00343],[-40.78815,-21.00337],[-40.78769,-21.00295]]],[[[-40.7865,-21.00161],[-40.78524,-21.00104],[-40.78581,-21.0025],[-40.7865,-21.00161]]],[[[-40.75205,-20.92745],[-40.75691,-20.92793],[-40.75308,-20.92429],[-40.75205,-20.92745]]],[[[-40.74944,-20.8733],[-40.75229,-20.87478],[-40.75048,-20.87326],[-40.74944,-20.8733]]],[[[-40.72812,-20.8565],[-40.72773,-20.85469],[-40.72613,-20.855],[-40.72812,-20.8565]]],[[[-40.72503,-20.84913],[-40.72797,-20.85023],[-40.7258,-20.8475],[-40.72503,-20.84913]]],[[[-40.68428,-20.8273],[-40.6844,-20.82772],[-40.68488,-20.82714],[-40.68428,-20.8273]]],[[[-40.59877,-20.80833],[-40.6005,-20.80731],[-40.59831,-20.80671],[-40.59877,-20.80833]]],[[[-40.54949,-20.76231],[-40.55003,-20.76231],[-40.54961,-20.76132],[-40.54949,-20.76231]]],[[[-40.54625,-20.75944],[-40.54697,-20.75959],[-40.54698,-20.75882],[-40.54625,-20.75944]]],[[[-40.5471,-20.75807],[-40.54787,-20.75849],[-40.54711,-20.75755],[-40.5471,-20.75807]]],[[[-41.09123,-21.2189],[-41.19036,-21.24856],[-41.24137,-21.22036],[-41.56462,-21.18374],[-41.73594,-21.1026],[-41.71007,-20.99131],[-41.73985,-20.8175],[-41.87474,-20.76593],[-41.8073,-20.64369],[-41.8564,-20.61719],[-41.8043,-20.5384],[-41.80368,-20.42198],[-41.85325,-20.35058],[-41.78214,-20.29448],[-41.75675,-20.20687],[-41.41114,-20.20737],[-41.30911,-20.01637],[-41.30086,-19.93653],[-41.18613,-19.89132],[-41.16847,-19.67222],[-41.03686,-19.57046],[-41.04669,-19.4874],[-40.97224,-19.50529],[-40.90769,-19.30881],[-40.94355,-19.14484],[-41.05385,-19.06886],[-41.03222,-18.99085],[-41.16636,-18.85823],[-41.23936,-18.85865],[-41.23254,-18.79728],[-41.11051,-18.83894],[-40.91677,-18.81554],[-40.9415,-18.68929],[-41.05089,-18.63415],[-41.02303,-18.45726],[-41.17308,-18.4428],[-41.15892,-18.30824],[-41.05193,-18.16511],[-40.98839,-18.1698],[-40.89171,-18.10893],[-40.7715,-18.15594],[-40.7733,-18.10756],[-40.90282,-17.98771],[-40.83055,-17.95418],[-40.70368,-18.02373],[-40.52704,-17.89194],[-40.46274,-17.92821],[-40.34552,-17.92378],[-40.22235,-17.98042],[-39.66782,-18.33719],[-39.72822,-18.51827],[-39.74601,-18.69626],[-39.74279,-18.93608],[-39.68906,-19.30493],[-39.73046,-19.46837],[-39.8108,-19.64961],[-39.96807,-19.72584],[-40.05478,-19.81483],[-40.19124,-20.0546],[-40.17197,-20.107],[-40.23749,-20.29498],[-40.2588,-20.26579],[-40.28912,-20.28378],[-40.28932,-20.30857],[-40.28018,-20.33571],[-40.40457,-20.5993],[-40.46413,-20.62375],[-40.49755,-20.6639],[-40.58331,-20.80272],[-40.65332,-20.80587],[-40.73954,-20.84557],[-40.79499,-20.9252],[-40.85842,-21.12763],[-40.94997,-21.22961],[-40.96104,-21.30112],[-41.09123,-21.2189]]],[[[-40.54129,-20.74209],[-40.54156,-20.7427],[-40.54285,-20.74301],[-40.54129,-20.74209]]],[[[-40.52768,-20.7366],[-40.52802,-20.73721],[-40.5285,-20.73695],[-40.52768,-20.7366]]],[[[-40.52635,-20.73188],[-40.52628,-20.73173],[-40.52585,-20.73188],[-40.52635,-20.73188]]],[[[-40.52365,-20.73037],[-40.52316,-20.73055],[-40.52342,-20.73078],[-40.52365,-20.73037]]],[[[-40.5241,-20.73038],[-40.52448,-20.73033],[-40.52417,-20.72945],[-40.5241,-20.73038]]],[[[-40.50893,-20.71381],[-40.5094,-20.71463],[-40.50974,-20.71356],[-40.50893,-20.71381]]],[[[-40.50937,-20.71235],[-40.50887,-20.71277],[-40.50968,-20.71298],[-40.50937,-20.71235]]],[[[-40.50793,-20.71062],[-40.50835,-20.71162],[-40.50859,-20.71064],[-40.50793,-20.71062]]],[[[-40.51216,-20.70413],[-40.51218,-20.70388],[-40.51194,-20.70397],[-40.51216,-20.70413]]],[[[-40.50212,-20.684],[-40.50168,-20.68314],[-40.50062,-20.68316],[-40.50212,-20.684]]],[[[-40.46667,-20.66209],[-40.47079,-20.66379],[-40.46853,-20.66088],[-40.46667,-20.66209]]],[[[-40.49415,-20.66155],[-40.49399,-20.66185],[-40.49431,-20.6619],[-40.49415,-20.66155]]],[[[-40.47245,-20.66142],[-40.47244,-20.66111],[-40.47213,-20.66127],[-40.47245,-20.66142]]],[[[-40.4076,-20.70038],[-40.40633,-20.69909],[-40.40552,-20.70018],[-40.4076,-20.70038]]],[[[-40.36478,-20.67709],[-40.36392,-20.67792],[-40.3661,-20.67845],[-40.36478,-20.67709]]],[[[-40.3674,-20.67593],[-40.36744,-20.67689],[-40.3684,-20.67652],[-40.3674,-20.67593]]],[[[-40.46293,-20.64429],[-40.46337,-20.64473],[-40.46352,-20.64442],[-40.46293,-20.64429]]],[[[-40.46438,-20.64394],[-40.46414,-20.64393],[-40.46433,-20.64411],[-40.46438,-20.64394]]],[[[-40.46119,-20.64395],[-40.46143,-20.64403],[-40.46151,-20.64369],[-40.46119,-20.64395]]],[[[-40.42964,-20.64068],[-40.43058,-20.64044],[-40.42927,-20.63862],[-40.42964,-20.64068]]],[[[-40.44696,-20.63832],[-40.44635,-20.6382],[-40.44623,-20.6388],[-40.44696,-20.63832]]],[[[-40.44342,-20.63773],[-40.44359,-20.63806],[-40.44394,-20.63801],[-40.44342,-20.63773]]],[[[-40.4411,-20.63806],[-40.4409,-20.63751],[-40.43927,-20.63749],[-40.4411,-20.63806]]],[[[-40.43701,-20.63522],[-40.43707,-20.63592],[-40.43741,-20.63539],[-40.43701,-20.63522]]],[[[-40.46469,-20.62718],[-40.46438,-20.62728],[-40.46458,-20.62745],[-40.46469,-20.62718]]],[[[-40.39565,-20.62199],[-40.39646,-20.62264],[-40.39607,-20.62173],[-40.39565,-20.62199]]],[[[-40.37812,-20.61293],[-40.37639,-20.61254],[-40.3776,-20.61424],[-40.37812,-20.61293]]],[[[-40.3801,-20.61469],[-40.38418,-20.61478],[-40.38144,-20.61099],[-40.3801,-20.61469]]],[[[-40.37271,-20.61313],[-40.37631,-20.61038],[-40.37391,-20.60838],[-40.37271,-20.61313]]],[[[-40.38866,-20.61025],[-40.38775,-20.61007],[-40.38818,-20.61097],[-40.38866,-20.61025]]],[[[-40.39266,-20.5973],[-40.39053,-20.59806],[-40.3925,-20.59846],[-40.39266,-20.5973]]],[[[-40.35887,-20.52446],[-40.35711,-20.52432],[-40.35731,-20.52549],[-40.35887,-20.52446]]],[[[-40.31029,-20.42103],[-40.31214,-20.4217],[-40.31097,-20.42064],[-40.31029,-20.42103]]],[[[-40.30071,-20.38234],[-40.30022,-20.38201],[-40.30041,-20.38239],[-40.30071,-20.38234]]],[[[-40.29704,-20.38254],[-40.29571,-20.37983],[-40.29456,-20.3813],[-40.29704,-20.38254]]],[[[-40.28647,-20.37176],[-40.28652,-20.37151],[-40.28625,-20.37172],[-40.28647,-20.37176]]],[[[-40.28154,-20.36141],[-40.28106,-20.36053],[-40.28077,-20.3614],[-40.28154,-20.36141]]],[[[-40.28017,-20.35519],[-40.28136,-20.35516],[-40.28048,-20.35417],[-40.28017,-20.35519]]],[[[-40.28717,-20.3052],[-40.28727,-20.30473],[-40.28701,-20.30502],[-40.28717,-20.3052]]],[[[-40.28325,-20.29346],[-40.28405,-20.29275],[-40.28286,-20.29252],[-40.28325,-20.29346]]],[[[-40.28163,-20.29219],[-40.28185,-20.29266],[-40.28204,-20.29234],[-40.28163,-20.29219]]],[[[-40.28582,-20.28457],[-40.28532,-20.28407],[-40.28512,-20.28476],[-40.28582,-20.28457]]],[[[-29.29958,-20.52666],[-29.34416,-20.51025],[-29.33686,-20.48815],[-29.29958,-20.52666]]],[[[-28.84825,-20.49589],[-28.8479,-20.49789],[-28.85059,-20.49697],[-28.84825,-20.49589]]],[[[-28.85134,-20.47914],[-28.85177,-20.47185],[-28.84784,-20.47545],[-28.85134,-20.47914]]],[[[-28.85518,-20.47248],[-28.85581,-20.47245],[-28.85545,-20.47201],[-28.85518,-20.47248]]],[[[-28.85654,-20.46908],[-28.8542,-20.46871],[-28.85476,-20.47034],[-28.85654,-20.46908]]],[[[-40.27788,-20.36422],[-40.27828,-20.36559],[-40.27912,-20.36436],[-40.27788,-20.36422]]],[[[-40.27943,-20.36423],[-40.2792,-20.36476],[-40.27994,-20.36473],[-40.27943,-20.36423]]],[[[-40.2775,-20.36387],[-40.27612,-20.36353],[-40.27757,-20.36459],[-40.2775,-20.36387]]],[[[-40.27938,-20.3623],[-40.2789,-20.3632],[-40.28116,-20.36339],[-40.27938,-20.3623]]],[[[-40.27705,-20.3626],[-40.27652,-20.36159],[-40.27617,-20.36207],[-40.27705,-20.3626]]],[[[-40.2799,-20.36049],[-40.27849,-20.36014],[-40.27969,-20.36113],[-40.2799,-20.36049]]],[[[-40.27499,-20.35391],[-40.27569,-20.35332],[-40.27486,-20.35337],[-40.27499,-20.35391]]],[[[-40.2526,-20.35333],[-40.25312,-20.35305],[-40.25251,-20.35277],[-40.2526,-20.35333]]],[[[-40.24985,-20.35192],[-40.24953,-20.35209],[-40.24999,-20.35241],[-40.24985,-20.35192]]],[[[-40.2507,-20.35237],[-40.25099,-20.35099],[-40.2502,-20.35223],[-40.2507,-20.35237]]],[[[-40.27563,-20.35064],[-40.27604,-20.35114],[-40.27645,-20.35081],[-40.27563,-20.35064]]],[[[-40.27222,-20.33619],[-40.27219,-20.33541],[-40.27193,-20.33616],[-40.27222,-20.33619]]],[[[-40.27185,-20.33459],[-40.27068,-20.33543],[-40.27126,-20.3362],[-40.27185,-20.33459]]],[[[-40.27501,-20.33361],[-40.27508,-20.33378],[-40.27519,-20.3334],[-40.27501,-20.33361]]],[[[-40.27132,-20.33284],[-40.27065,-20.33186],[-40.27012,-20.33353],[-40.27132,-20.33284]]],[[[-40.26857,-20.33218],[-40.26873,-20.33135],[-40.2679,-20.33194],[-40.26857,-20.33218]]],[[[-40.26562,-20.32396],[-40.26586,-20.32411],[-40.26591,-20.32353],[-40.26562,-20.32396]]],[[[-40.27187,-20.32206],[-40.27158,-20.32],[-40.27038,-20.3223],[-40.27187,-20.32206]]],[[[-40.26909,-20.32047],[-40.26819,-20.32067],[-40.26868,-20.3216],[-40.26909,-20.32047]]],[[[-40.27541,-20.30935],[-40.27702,-20.30852],[-40.27616,-20.30693],[-40.27541,-20.30935]]],[[[-40.2751,-20.30687],[-40.27382,-20.30704],[-40.27365,-20.30863],[-40.2751,-20.30687]]],[[[-40.27561,-20.29753],[-40.27534,-20.29865],[-40.27596,-20.29856],[-40.27561,-20.29753]]],[[[-40.13428,-19.96913],[-40.13381,-19.96804],[-40.13358,-19.9689],[-40.13428,-19.96913]]]]}},{"type":"Feature","properties":{"codigo":"33","sigla":"RJ","nome":"Rio de Janeiro","regiao":"Sudeste","area_km2":43750.424},"geometry":{"type":"MultiPolygon","coordinates":[[[[-44.71817,-23.35725],[-44.71924,-23.35949],[-44.7209,-23.35856],[-44.71817,-23.35725]]],[[[-44.67051,-23.35501],[-44.67176,-23.35666],[-44.67286,-23.35559],[-44.67051,-23.35501]]],[[[-44.66586,-23.35084],[-44.66533,-23.35056],[-44.66595,-23.35153],[-44.66586,-23.35084]]],[[[-44.56654,-23.3479],[-44.57012,-23.35272],[-44.56956,-23.34825],[-44.56654,-23.3479]]],[[[-44.66511,-23.35006],[-44.66482,-23.34995],[-44.66504,-23.35021],[-44.66511,-23.35006]]],[[[-44.67971,-23.34265],[-44.68074,-23.3422],[-44.67944,-23.34195],[-44.67971,-23.34265]]],[[[-44.68144,-23.34158],[-44.6809,-23.34123],[-44.68107,-23.34191],[-44.68144,-23.34158]]],[[[-44.63616,-23.27959],[-44.63611,-23.28021],[-44.63666,-23.27967],[-44.63616,-23.27959]]],[[[-44.63191,-23.27314],[-44.62966,-23.27321],[-44.63063,-23.27433],[-44.63191,-23.27314]]],[[[-44.57183,-23.26619],[-44.56815,-23.26439],[-44.57087,-23.2673],[-44.57183,-23.26619]]],[[[-44.67173,-23.23951],[-44.66812,-23.23881],[-44.67056,-23.24046],[-44.67173,-23.23951]]],[[[-44.63958,-23.22917],[-44.64701,-23.2296],[-44.63569,-23.22407],[-44.63958,-23.22917]]],[[[-44.55694,-23.22103],[-44.55371,-23.22034],[-44.55697,-23.22375],[-44.55694,-23.22103]]],[[[-44.69281,-23.21522],[-44.68964,-23.21488],[-44.69259,-23.21794],[-44.69281,-23.21522]]],[[[-44.60167,-23.22182],[-44.62125,-23.22331],[-44.59383,-23.20194],[-44.60167,-23.22182]]],[[[-44.58458,-23.21025],[-44.58291,-23.21035],[-44.58458,-23.21178],[-44.58458,-23.21025]]],[[[-44.68959,-23.20916],[-44.68906,-23.20963],[-44.68974,-23.20998],[-44.68959,-23.20916]]],[[[-44.68951,-23.20776],[-44.68894,-23.20795],[-44.68961,-23.20823],[-44.68951,-23.20776]]],[[[-44.70703,-23.20628],[-44.7073,-23.20632],[-44.70672,-23.2055],[-44.70703,-23.20628]]],[[[-44.68153,-23.205],[-44.68235,-23.20585],[-44.68301,-23.20575],[-44.68153,-23.205]]],[[[-44.70888,-23.20425],[-44.70909,-23.20527],[-44.71059,-23.20465],[-44.70888,-23.20425]]],[[[-44.67265,-23.19992],[-44.67187,-23.20036],[-44.67266,-23.20135],[-44.67265,-23.19992]]],[[[-44.58398,-23.20234],[-44.58151,-23.19806],[-44.57961,-23.20313],[-44.58398,-23.20234]]],[[[-44.57261,-23.19539],[-44.57214,-23.19631],[-44.57449,-23.19603],[-44.57261,-23.19539]]],[[[-44.60864,-23.19579],[-44.60798,-23.19456],[-44.60648,-23.19524],[-44.60864,-23.19579]]],[[[-44.62573,-23.19518],[-44.62601,-23.19461],[-44.62467,-23.19438],[-44.62573,-23.19518]]],[[[-44.63715,-23.19384],[-44.63488,-23.19251],[-44.63542,-23.19424],[-44.63715,-23.19384]]],[[[-44.62107,-23.18953],[-44.6242,-23.19241],[-44.62289,-23.1897],[-44.62107,-23.18953]]],[[[-44.5774,-23.18943],[-44.57668,-23.18427],[-44.57235,-23.18511],[-44.5774,-23.18943]]],[[[-44.65613,-23.18391],[-44.65922,-23.18796],[-44.65774,-23.18114],[-44.65613,-23.18391]]],[[[-44.68565,-23.18104],[-44.68524,-23.1823],[-44.68658,-23.18189],[-44.68565,-23.18104]]],[[[-44.67857,-23.18098],[-44.67884,-23.18089],[-44.67854,-23.18071],[-44.67857,-23.18098]]],[[[-44.68422,-23.17884],[-44.68377,-23.17699],[-44.68222,-23.17879],[-44.68422,-23.17884]]],[[[-44.63469,-23.17606],[-44.63446,-23.17646],[-44.63508,-23.17656],[-44.63469,-23.17606]]],[[[-44.68006,-23.17555],[-44.67963,-23.17494],[-44.67931,-23.17517],[-44.68006,-23.17555]]],[[[-44.63447,-23.174],[-44.6339,-23.17474],[-44.63521,-23.17487],[-44.63447,-23.174]]],[[[-44.67947,-23.17406],[-44.68024,-23.17327],[-44.67964,-23.17286],[-44.67947,-23.17406]]],[[[-44.67436,-23.17048],[-44.67827,-23.17237],[-44.67771,-23.16938],[-44.67436,-23.17048]]],[[[-44.66392,-23.1589],[-44.66144,-23.15917],[-44.66413,-23.16346],[-44.66392,-23.1589]]],[[[-44.68538,-23.15102],[-44.68857,-23.16787],[-44.69492,-23.15617],[-44.68538,-23.15102]]],[[[-44.67643,-23.13242],[-44.67478,-23.13172],[-44.67535,-23.1331],[-44.67643,-23.13242]]],[[[-44.66718,-23.1321],[-44.6673,-23.13203],[-44.6671,-23.13186],[-44.66718,-23.1321]]],[[[-44.68734,-23.1297],[-44.68464,-23.12824],[-44.68446,-23.12994],[-44.68734,-23.1297]]],[[[-44.67945,-23.12595],[-44.67785,-23.12466],[-44.67855,-23.1269],[-44.67945,-23.12595]]],[[[-44.66757,-23.12196],[-44.66632,-23.121],[-44.66797,-23.12323],[-44.66757,-23.12196]]],[[[-44.6771,-23.1109],[-44.67322,-23.11138],[-44.6782,-23.11423],[-44.6771,-23.1109]]],[[[-44.68081,-23.10936],[-44.67951,-23.1081],[-44.6788,-23.10928],[-44.68081,-23.10936]]],[[[-44.68699,-23.10684],[-44.68558,-23.1068],[-44.68903,-23.10961],[-44.68699,-23.10684]]],[[[-44.66926,-23.09673],[-44.6713,-23.09853],[-44.67391,-23.09827],[-44.66926,-23.09673]]],[[[-44.67597,-23.09558],[-44.67607,-23.09576],[-44.67675,-23.09596],[-44.67597,-23.09558]]],[[[-44.65804,-23.09272],[-44.65791,-23.09316],[-44.65842,-23.09291],[-44.65804,-23.09272]]],[[[-44.68414,-23.08699],[-44.68252,-23.08685],[-44.68451,-23.08867],[-44.68414,-23.08699]]],[[[-44.59315,-23.08688],[-44.5957,-23.08872],[-44.59443,-23.08522],[-44.59315,-23.08688]]],[[[-44.55659,-23.07696],[-44.55712,-23.07639],[-44.55631,-23.07634],[-44.55659,-23.07696]]],[[[-44.64424,-23.07509],[-44.64239,-23.06836],[-44.63789,-23.07182],[-44.64424,-23.07509]]],[[[-44.59033,-23.07065],[-44.58984,-23.07006],[-44.58981,-23.07032],[-44.59033,-23.07065]]],[[[-44.63304,-23.06938],[-44.63085,-23.0678],[-44.62969,-23.07118],[-44.63304,-23.06938]]],[[[-44.60392,-23.06783],[-44.60262,-23.06656],[-44.60246,-23.06889],[-44.60392,-23.06783]]],[[[-44.56343,-23.0679],[-44.56458,-23.06811],[-44.56433,-23.06725],[-44.56343,-23.0679]]],[[[-44.63743,-23.06621],[-44.63747,-23.06739],[-44.63826,-23.06652],[-44.63743,-23.06621]]],[[[-44.59648,-23.06709],[-44.59602,-23.06532],[-44.59456,-23.06633],[-44.59648,-23.06709]]],[[[-44.61621,-23.06144],[-44.61705,-23.06235],[-44.61722,-23.06157],[-44.61621,-23.06144]]],[[[-44.62854,-23.06047],[-44.62603,-23.06093],[-44.62903,-23.06277],[-44.62854,-23.06047]]],[[[-44.55634,-23.06179],[-44.56451,-23.06448],[-44.55599,-23.05498],[-44.55634,-23.06179]]],[[[-44.60088,-23.057],[-44.60904,-23.06154],[-44.60184,-23.05622],[-44.60088,-23.057]]],[[[-44.65955,-23.05913],[-44.66028,-23.05938],[-44.66017,-23.05841],[-44.65955,-23.05913]]],[[[-44.62346,-23.06011],[-44.62242,-23.05677],[-44.61899,-23.05836],[-44.62346,-23.06011]]],[[[-44.61011,-23.05514],[-44.60913,-23.05388],[-44.60926,-23.05473],[-44.61011,-23.05514]]],[[[-44.56285,-23.05302],[-44.56035,-23.05126],[-44.55994,-23.05302],[-44.56285,-23.05302]]],[[[-44.54631,-23.04911],[-44.54409,-23.04685],[-44.54553,-23.04968],[-44.54631,-23.04911]]],[[[-44.49272,-23.0518],[-44.5038,-23.0534],[-44.48409,-23.04032],[-44.49272,-23.0518]]],[[[-44.5434,-23.04526],[-44.54403,-23.04642],[-44.54378,-23.04547],[-44.5434,-23.04526]]],[[[-44.49335,-23.04434],[-44.49262,-23.04359],[-44.49236,-23.04403],[-44.49335,-23.04434]]],[[[-44.52058,-23.03864],[-44.51845,-23.03581],[-44.5161,-23.03662],[-44.52058,-23.03864]]],[[[-44.36086,-23.21454],[-44.35738,-23.21225],[-44.35661,-23.21358],[-44.36086,-23.21454]]],[[[-44.39892,-23.09855],[-44.39869,-23.09929],[-44.39995,-23.0995],[-44.39892,-23.09855]]],[[[-44.39459,-23.07251],[-44.3952,-23.06864],[-44.39205,-23.06792],[-44.39459,-23.07251]]],[[[-44.4118,-23.06393],[-44.41041,-23.06169],[-44.40968,-23.06298],[-44.4118,-23.06393]]],[[[-44.40665,-23.05974],[-44.40708,-23.06077],[-44.40764,-23.06007],[-44.40665,-23.05974]]],[[[-44.406,-23.05968],[-44.40625,-23.05915],[-44.40572,-23.05906],[-44.406,-23.05968]]],[[[-44.41842,-23.06102],[-44.41438,-23.05697],[-44.41228,-23.05914],[-44.41842,-23.06102]]],[[[-44.37668,-23.05787],[-44.37627,-23.05802],[-44.37665,-23.05862],[-44.37668,-23.05787]]],[[[-44.37705,-23.05695],[-44.37759,-23.05751],[-44.37766,-23.05706],[-44.37705,-23.05695]]],[[[-44.4033,-23.05826],[-44.40446,-23.0551],[-44.40138,-23.05633],[-44.4033,-23.05826]]],[[[-44.37645,-23.05621],[-44.37705,-23.05642],[-44.37704,-23.05581],[-44.37645,-23.05621]]],[[[-44.41268,-23.05578],[-44.41224,-23.05556],[-44.41248,-23.05598],[-44.41268,-23.05578]]],[[[-44.42057,-23.05352],[-44.42123,-23.05375],[-44.42073,-23.05318],[-44.42057,-23.05352]]],[[[-44.35119,-23.06027],[-44.36427,-23.04545],[-44.34737,-23.03875],[-44.35119,-23.06027]]],[[[-44.39956,-23.0461],[-44.39941,-23.04666],[-44.39974,-23.04659],[-44.39956,-23.0461]]],[[[-44.39967,-23.04563],[-44.3997,-23.04535],[-44.39936,-23.04553],[-44.39967,-23.04563]]],[[[-44.39555,-23.04229],[-44.39509,-23.03921],[-44.39112,-23.04134],[-44.39555,-23.04229]]],[[[-44.34029,-23.03758],[-44.34124,-23.03925],[-44.34349,-23.03862],[-44.34029,-23.03758]]],[[[-44.39775,-23.03722],[-44.39794,-23.03726],[-44.39782,-23.03706],[-44.39775,-23.03722]]],[[[-44.40028,-23.03492],[-44.39703,-23.03516],[-44.40042,-23.03692],[-44.40028,-23.03492]]],[[[-44.41318,-23.03431],[-44.41192,-23.03341],[-44.41169,-23.03525],[-44.41318,-23.03431]]],[[[-44.38369,-23.03414],[-44.38385,-23.03398],[-44.38368,-23.03383],[-44.38369,-23.03414]]],[[[-44.44917,-23.03468],[-44.4498,-23.03278],[-44.44563,-23.03173],[-44.44917,-23.03468]]],[[[-44.48088,-23.03105],[-44.48295,-23.03195],[-44.4817,-23.03005],[-44.48088,-23.03105]]],[[[-44.39935,-23.02632],[-44.40451,-23.03297],[-44.4029,-23.02658],[-44.39935,-23.02632]]],[[[-44.43626,-23.02483],[-44.43549,-23.02592],[-44.43687,-23.02618],[-44.43626,-23.02483]]],[[[-44.42647,-23.01482],[-44.42566,-23.01486],[-44.42603,-23.0154],[-44.42647,-23.01482]]],[[[-44.36329,-23.01389],[-44.36319,-23.01436],[-44.36346,-23.01413],[-44.36329,-23.01389]]],[[[-44.36969,-23.01204],[-44.36872,-23.01192],[-44.36943,-23.01245],[-44.36969,-23.01204]]],[[[-44.36999,-23.01036],[-44.36959,-23.01028],[-44.36999,-23.01055],[-44.36999,-23.01036]]],[[[-44.36379,-23.00968],[-44.36315,-23.00999],[-44.36413,-23.0104],[-44.36379,-23.00968]]],[[[-44.38263,-23.00688],[-44.38395,-23.00721],[-44.3841,-23.00651],[-44.38263,-23.00688]]],[[[-44.42213,-23.00371],[-44.42256,-23.00379],[-44.42246,-23.0031],[-44.42213,-23.00371]]],[[[-44.43219,-23.00185],[-44.43073,-23.00212],[-44.43217,-23.00377],[-44.43219,-23.00185]]],[[[-44.42369,-23.00238],[-44.42337,-23.00201],[-44.42348,-23.0024],[-44.42369,-23.00238]]],[[[-44.36594,-22.99996],[-44.36629,-22.99991],[-44.36588,-22.9994],[-44.36594,-22.99996]]],[[[-44.42206,-22.99422],[-44.42197,-22.99526],[-44.42308,-22.99535],[-44.42206,-22.99422]]],[[[-44.40803,-22.99624],[-44.40991,-22.99477],[-44.40543,-22.99426],[-44.40803,-22.99624]]],[[[-44.40032,-22.99389],[-44.40042,-22.99352],[-44.39969,-22.99377],[-44.40032,-22.99389]]],[[[-44.35196,-22.99342],[-44.35291,-22.99355],[-44.35272,-22.99279],[-44.35196,-22.99342]]],[[[-44.40438,-22.99145],[-44.40073,-22.99024],[-44.40131,-22.99284],[-44.40438,-22.99145]]],[[[-44.34556,-22.9904],[-44.34515,-22.99085],[-44.34601,-22.99103],[-44.34556,-22.9904]]],[[[-44.41339,-22.99355],[-44.41676,-22.98652],[-44.40893,-22.98992],[-44.41339,-22.99355]]],[[[-44.34079,-22.98546],[-44.34109,-22.98663],[-44.34205,-22.98553],[-44.34079,-22.98546]]],[[[-44.36315,-22.98743],[-44.35896,-22.9842],[-44.36144,-22.98702],[-44.36315,-22.98743]]],[[[-44.41386,-22.98361],[-44.41197,-22.98347],[-44.41391,-22.98446],[-44.41386,-22.98361]]],[[[-44.35256,-22.98493],[-44.35605,-22.98566],[-44.35182,-22.98106],[-44.35256,-22.98493]]],[[[-44.39582,-22.97955],[-44.40456,-22.98495],[-44.40218,-22.97619],[-44.39582,-22.97955]]],[[[-44.40811,-22.97847],[-44.40783,-22.97784],[-44.40731,-22.97805],[-44.40811,-22.97847]]],[[[-44.34592,-22.97525],[-44.34525,-22.97654],[-44.34805,-22.97823],[-44.34592,-22.97525]]],[[[-44.37681,-22.97596],[-44.37496,-22.97409],[-44.37588,-22.97574],[-44.37681,-22.97596]]],[[[-44.39158,-22.97464],[-44.39127,-22.97475],[-44.39157,-22.9748],[-44.39158,-22.97464]]],[[[-44.43088,-22.97508],[-44.43253,-22.97493],[-44.4308,-22.974],[-44.43088,-22.97508]]],[[[-44.38727,-22.97193],[-44.38882,-22.97387],[-44.39098,-22.97252],[-44.38727,-22.97193]]],[[[-44.42115,-22.97368],[-44.42516,-22.9707],[-44.41488,-22.97044],[-44.42115,-22.97368]]],[[[-44.36985,-22.96702],[-44.36866,-22.96922],[-44.37242,-22.97013],[-44.36985,-22.96702]]],[[[-44.36335,-22.96358],[-44.3633,-22.96469],[-44.36458,-22.96401],[-44.36335,-22.96358]]],[[[-44.3421,-22.96388],[-44.34211,-22.96272],[-44.34061,-22.96315],[-44.3421,-22.96388]]],[[[-44.40791,-22.96187],[-44.4066,-22.96313],[-44.40832,-22.96317],[-44.40791,-22.96187]]],[[[-44.35166,-22.96453],[-44.3511,-22.96178],[-44.34518,-22.96215],[-44.35166,-22.96453]]],[[[-44.34421,-22.9621],[-44.3421,-22.96005],[-44.34293,-22.96251],[-44.34421,-22.9621]]],[[[-44.39845,-22.95649],[-44.39721,-22.95762],[-44.39927,-22.95867],[-44.39845,-22.95649]]],[[[-44.35337,-22.9552],[-44.35226,-22.95285],[-44.3511,-22.95305],[-44.35337,-22.9552]]],[[[-44.40026,-22.95258],[-44.40051,-22.95155],[-44.39901,-22.95129],[-44.40026,-22.95258]]],[[[-44.36868,-22.94681],[-44.3685,-22.94712],[-44.36886,-22.9471],[-44.36868,-22.94681]]],[[[-44.36967,-22.94699],[-44.36892,-22.94557],[-44.36865,-22.94633],[-44.36967,-22.94699]]],[[[-44.41068,-22.94606],[-44.41057,-22.94619],[-44.41074,-22.9462],[-44.41068,-22.94606]]],[[[-44.41066,-22.94599],[-44.41101,-22.94598],[-44.41082,-22.94566],[-44.41066,-22.94599]]],[[[-44.41011,-22.94505],[-44.40977,-22.94491],[-44.41008,-22.94527],[-44.41011,-22.94505]]],[[[-44.36881,-22.94416],[-44.3692,-22.94435],[-44.36924,-22.94373],[-44.36881,-22.94416]]],[[[-44.36855,-22.94229],[-44.36861,-22.94383],[-44.37008,-22.94326],[-44.36855,-22.94229]]],[[[-44.37,-22.94113],[-44.36874,-22.94079],[-44.36968,-22.94244],[-44.37,-22.94113]]],[[[-44.34867,-22.93243],[-44.34898,-22.93239],[-44.34864,-22.93221],[-44.34867,-22.93243]]],[[[-44.346,-22.9304],[-44.34588,-22.93163],[-44.3475,-22.93148],[-44.346,-22.9304]]],[[[-44.14994,-23.22379],[-44.16039,-23.22766],[-44.14939,-23.21653],[-44.14994,-23.22379]]],[[[-44.17912,-23.18321],[-44.18077,-23.18418],[-44.18118,-23.18354],[-44.17912,-23.18321]]],[[[-44.18205,-23.1833],[-44.18334,-23.18401],[-44.18389,-23.18355],[-44.18205,-23.1833]]],[[[-44.33401,-23.22407],[-44.37296,-23.1682],[-44.23341,-23.09069],[-44.13996,-23.16703],[-44.33401,-23.22407]]],[[[-44.12098,-23.14817],[-44.12105,-23.14745],[-44.12049,-23.14785],[-44.12098,-23.14817]]],[[[-44.16775,-23.13771],[-44.16751,-23.13745],[-44.16744,-23.13784],[-44.16775,-23.13771]]],[[[-44.16733,-23.1368],[-44.16729,-23.13509],[-44.16605,-23.13625],[-44.16733,-23.1368]]],[[[-44.14997,-23.12601],[-44.15103,-23.12638],[-44.15083,-23.12562],[-44.14997,-23.12601]]],[[[-44.14031,-23.11914],[-44.14014,-23.11952],[-44.14087,-23.11968],[-44.14031,-23.11914]]],[[[-44.16567,-23.11441],[-44.16479,-23.11475],[-44.16731,-23.1154],[-44.16567,-23.11441]]],[[[-44.14161,-23.10724],[-44.14139,-23.10712],[-44.14148,-23.10729],[-44.14161,-23.10724]]],[[[-44.14102,-23.10655],[-44.13951,-23.106],[-44.14044,-23.10676],[-44.14102,-23.10655]]],[[[-44.11923,-23.09843],[-44.11838,-23.09899],[-44.1212,-23.10043],[-44.11923,-23.09843]]],[[[-44.30954,-23.0915],[-44.31012,-23.09119],[-44.30912,-23.09072],[-44.30954,-23.0915]]],[[[-44.24037,-23.08543],[-44.24002,-23.08658],[-44.24136,-23.08678],[-44.24037,-23.08543]]],[[[-44.21573,-23.08576],[-44.21505,-23.08586],[-44.21536,-23.0864],[-44.21573,-23.08576]]],[[[-44.31291,-23.08568],[-44.31014,-23.08517],[-44.31192,-23.08682],[-44.31291,-23.08568]]],[[[-44.33259,-23.08641],[-44.32927,-23.08324],[-44.3305,-23.08742],[-44.33259,-23.08641]]],[[[-44.24031,-23.08504],[-44.24023,-23.08514],[-44.2405,-23.08515],[-44.24031,-23.08504]]],[[[-44.2441,-23.08428],[-44.24163,-23.08368],[-44.24056,-23.08503],[-44.2441,-23.08428]]],[[[-44.24085,-23.08365],[-44.24066,-23.08373],[-44.24107,-23.08383],[-44.24085,-23.08365]]],[[[-44.22825,-23.08285],[-44.22948,-23.08376],[-44.22958,-23.08291],[-44.22825,-23.08285]]],[[[-44.24089,-23.07807],[-44.24131,-23.07751],[-44.23997,-23.07728],[-44.24089,-23.07807]]],[[[-44.22705,-23.07757],[-44.22792,-23.07797],[-44.2275,-23.07702],[-44.22705,-23.07757]]],[[[-44.25169,-23.06977],[-44.25253,-23.07188],[-44.25531,-23.07078],[-44.25169,-23.06977]]],[[[-44.3158,-23.06381],[-44.3153,-23.06433],[-44.31611,-23.06488],[-44.3158,-23.06381]]],[[[-44.33875,-23.06148],[-44.33828,-23.06141],[-44.33854,-23.06176],[-44.33875,-23.06148]]],[[[-44.31676,-23.0629],[-44.31318,-23.05716],[-44.30898,-23.05879],[-44.31676,-23.0629]]],[[[-44.32918,-23.0553],[-44.32987,-23.05627],[-44.33059,-23.05543],[-44.32918,-23.0553]]],[[[-44.32832,-23.05472],[-44.32818,-23.05522],[-44.32904,-23.05596],[-44.32832,-23.05472]]],[[[-44.33247,-23.05506],[-44.33316,-23.05568],[-44.3332,-23.05476],[-44.33247,-23.05506]]],[[[-44.31378,-23.05526],[-44.31667,-23.05597],[-44.31269,-23.05309],[-44.31378,-23.05526]]],[[[-44.26823,-23.05402],[-44.2692,-23.05446],[-44.26854,-23.05348],[-44.26823,-23.05402]]],[[[-44.33372,-23.05298],[-44.33226,-23.05375],[-44.33406,-23.05475],[-44.33372,-23.05298]]],[[[-44.30869,-23.05028],[-44.30823,-23.05093],[-44.30897,-23.051],[-44.30869,-23.05028]]],[[[-44.13641,-23.04107],[-44.13696,-23.04388],[-44.13925,-23.04224],[-44.13641,-23.04107]]],[[[-44.16202,-23.0404],[-44.15927,-23.03752],[-44.15903,-23.04201],[-44.16202,-23.0404]]],[[[-44.13021,-23.04182],[-44.13078,-23.03818],[-44.1239,-23.04086],[-44.13021,-23.04182]]],[[[-44.29846,-23.03896],[-44.29867,-23.03835],[-44.29833,-23.03856],[-44.29846,-23.03896]]],[[[-44.29846,-23.03797],[-44.29864,-23.03772],[-44.29834,-23.03774],[-44.29846,-23.03797]]],[[[-44.11265,-23.03632],[-44.11223,-23.03733],[-44.11305,-23.03702],[-44.11265,-23.03632]]],[[[-44.27966,-23.03399],[-44.27911,-23.03555],[-44.28,-23.03594],[-44.27966,-23.03399]]],[[[-44.2838,-23.03337],[-44.28342,-23.03424],[-44.28445,-23.03392],[-44.2838,-23.03337]]],[[[-44.29629,-23.03092],[-44.29619,-23.03183],[-44.29711,-23.03234],[-44.29629,-23.03092]]],[[[-44.32671,-23.02856],[-44.32676,-23.02947],[-44.32722,-23.02957],[-44.32671,-23.02856]]],[[[-44.2807,-23.02675],[-44.28077,-23.02728],[-44.28104,-23.02709],[-44.2807,-23.02675]]],[[[-44.33273,-23.02553],[-44.32922,-23.02685],[-44.33166,-23.02824],[-44.33273,-23.02553]]],[[[-44.28773,-23.02584],[-44.28544,-23.02655],[-44.28721,-23.02778],[-44.28773,-23.02584]]],[[[-44.27824,-23.02531],[-44.27964,-23.02742],[-44.27973,-23.02655],[-44.27824,-23.02531]]],[[[-44.28529,-23.02641],[-44.2856,-23.02612],[-44.28484,-23.02603],[-44.28529,-23.02641]]],[[[-44.30919,-23.02546],[-44.31006,-23.02743],[-44.31014,-23.02495],[-44.30919,-23.02546]]],[[[-44.28519,-23.02491],[-44.28437,-23.02438],[-44.2844,-23.02638],[-44.28519,-23.02491]]],[[[-44.26889,-23.02432],[-44.26921,-23.02517],[-44.26934,-23.0245],[-44.26889,-23.02432]]],[[[-44.33124,-23.02308],[-44.33192,-23.02374],[-44.33178,-23.0231],[-44.33124,-23.02308]]],[[[-44.31964,-23.01871],[-44.31857,-23.0189],[-44.31951,-23.02014],[-44.31964,-23.01871]]],[[[-44.27623,-23.01785],[-44.27655,-23.01819],[-44.27704,-23.01742],[-44.27623,-23.01785]]],[[[-44.32088,-23.01656],[-44.32107,-23.01753],[-44.32143,-23.01739],[-44.32088,-23.01656]]],[[[-44.26733,-23.01365],[-44.26902,-23.0148],[-44.2686,-23.01378],[-44.26733,-23.01365]]],[[[-44.30243,-23.00856],[-44.30151,-23.00888],[-44.30206,-23.01019],[-44.30243,-23.00856]]],[[[-44.30745,-23.00775],[-44.30867,-23.00967],[-44.30906,-23.00804],[-44.30745,-23.00775]]],[[[-44.33506,-22.98133],[-44.33499,-22.9819],[-44.33591,-22.98192],[-44.33506,-22.98133]]],[[[-44.32923,-22.97882],[-44.33025,-22.98049],[-44.3307,-22.97959],[-44.32923,-22.97882]]],[[[-44.34103,-22.97946],[-44.34045,-22.97549],[-44.33919,-22.97775],[-44.34103,-22.97946]]],[[[-44.32802,-22.97262],[-44.32912,-22.97226],[-44.32806,-22.97199],[-44.32802,-22.97262]]],[[[-44.31491,-22.96932],[-44.31639,-22.96929],[-44.31561,-22.96874],[-44.31491,-22.96932]]],[[[-44.31248,-22.96641],[-44.31154,-22.96713],[-44.31263,-22.96735],[-44.31248,-22.96641]]],[[[-44.3167,-22.96639],[-44.31855,-22.96763],[-44.31895,-22.96628],[-44.3167,-22.96639]]],[[[-44.32059,-22.95996],[-44.32002,-22.96166],[-44.32217,-22.96196],[-44.32059,-22.95996]]],[[[-44.335,-22.95418],[-44.3386,-22.95509],[-44.33422,-22.9478],[-44.335,-22.95418]]],[[[-44.33647,-22.94684],[-44.33623,-22.94659],[-44.33617,-22.94714],[-44.33647,-22.94684]]],[[[-44.342,-22.943],[-44.34525,-22.93891],[-44.33908,-22.93443],[-44.342,-22.943]]],[[[-44.33378,-22.92872],[-44.33401,-22.92844],[-44.33371,-22.92807],[-44.33378,-22.92872]]],[[[-44.33163,-22.92787],[-44.33138,-22.92839],[-44.33196,-22.92885],[-44.33163,-22.92787]]],[[[-44.33115,-22.92603],[-44.33265,-22.92852],[-44.33353,-22.92704],[-44.33115,-22.92603]]],[[[-44.09432,-23.17483],[-44.09416,-23.17506],[-44.09438,-23.17516],[-44.09432,-23.17483]]],[[[-44.09293,-23.17349],[-44.09142,-23.17284],[-44.09139,-23.17413],[-44.09293,-23.17349]]],[[[-44.10814,-23.14373],[-44.10865,-23.14342],[-44.10791,-23.14311],[-44.10814,-23.14373]]],[[[-44.11019,-23.14228],[-44.10853,-23.13834],[-44.10403,-23.13717],[-44.11019,-23.14228]]],[[[-44.10299,-23.13831],[-44.10322,-23.13859],[-44.10338,-23.13836],[-44.10299,-23.13831]]],[[[-44.01215,-23.08639],[-44.01072,-23.08534],[-44.01132,-23.08705],[-44.01215,-23.08639]]],[[[-44.11156,-23.03799],[-44.11194,-23.03872],[-44.11228,-23.03804],[-44.11156,-23.03799]]],[[[-44.11074,-23.02566],[-44.11041,-23.02548],[-44.11013,-23.02582],[-44.11074,-23.02566]]],[[[-44.11038,-23.02491],[-44.11057,-23.02477],[-44.11031,-23.02459],[-44.11038,-23.02491]]],[[[-43.95421,-23.02496],[-43.95326,-23.02245],[-43.95099,-23.02552],[-43.95421,-23.02496]]],[[[-44.10873,-23.02347],[-44.10901,-23.02348],[-44.10885,-23.02326],[-44.10873,-23.02347]]],[[[-44.10966,-23.02374],[-44.11097,-23.02317],[-44.10999,-23.02213],[-44.10966,-23.02374]]],[[[-43.94773,-23.02463],[-43.94603,-23.02079],[-43.94411,-23.02316],[-43.94773,-23.02463]]],[[[-43.94348,-23.01914],[-43.94465,-23.01917],[-43.94336,-23.0184],[-43.94348,-23.01914]]],[[[-43.94075,-23.01664],[-43.9406,-23.01614],[-43.93979,-23.01617],[-43.94075,-23.01664]]],[[[-43.94035,-23.01519],[-43.94045,-23.01544],[-43.94071,-23.01514],[-43.94035,-23.01519]]],[[[-43.96558,-23.01542],[-43.96602,-23.01543],[-43.96542,-23.01502],[-43.96558,-23.01542]]],[[[-43.96494,-23.01367],[-43.96526,-23.0129],[-43.96441,-23.01281],[-43.96494,-23.01367]]],[[[-43.93043,-23.01193],[-43.92993,-23.0128],[-43.9305,-23.01272],[-43.93043,-23.01193]]],[[[-44.07697,-23.01172],[-44.07676,-23.01198],[-44.07728,-23.01217],[-44.07697,-23.01172]]],[[[-43.92541,-23.0076],[-43.92503,-23.00738],[-43.92496,-23.00778],[-43.92541,-23.0076]]],[[[-43.95416,-23.00491],[-43.94951,-23.00563],[-43.95265,-23.00986],[-43.95416,-23.00491]]],[[[-43.94869,-23.00458],[-43.9483,-23.00424],[-43.94844,-23.00475],[-43.94869,-23.00458]]],[[[-43.94484,-23.00442],[-43.94546,-23.00406],[-43.94477,-23.00379],[-43.94484,-23.00442]]],[[[-43.94623,-23.00427],[-43.94731,-23.00468],[-43.94716,-23.00377],[-43.94623,-23.00427]]],[[[-44.02902,-22.99854],[-44.03808,-23.01169],[-44.05017,-23.0011],[-44.02902,-22.99854]]],[[[-43.94332,-23.00357],[-43.94323,-23.00395],[-43.94378,-23.00411],[-43.94332,-23.00357]]],[[[-43.94764,-23.00391],[-43.94822,-23.00354],[-43.9476,-23.00351],[-43.94764,-23.00391]]],[[[-43.95481,-23.00238],[-43.95321,-23.00072],[-43.95311,-23.00352],[-43.95481,-23.00238]]],[[[-43.91768,-22.99509],[-43.93363,-23.01021],[-43.92799,-22.98914],[-43.91768,-22.99509]]],[[[-43.9132,-22.99703],[-43.91227,-22.99615],[-43.91248,-22.99694],[-43.9132,-22.99703]]],[[[-43.91677,-22.99531],[-43.91622,-22.99472],[-43.91596,-22.99546],[-43.91677,-22.99531]]],[[[-43.91062,-22.99538],[-43.91209,-22.99215],[-43.9078,-22.98998],[-43.91062,-22.99538]]],[[[-44.04491,-22.9886],[-44.04162,-22.9868],[-44.04114,-22.99069],[-44.04491,-22.9886]]],[[[-43.92295,-22.98813],[-43.92202,-22.98545],[-43.91857,-22.98664],[-43.92295,-22.98813]]],[[[-43.92398,-22.98258],[-43.92267,-22.9828],[-43.9238,-22.98417],[-43.92398,-22.98258]]],[[[-43.93464,-22.98151],[-43.93624,-22.98232],[-43.93533,-22.98111],[-43.93464,-22.98151]]],[[[-43.91316,-22.98391],[-43.91539,-22.98095],[-43.90727,-22.98148],[-43.91316,-22.98391]]],[[[-43.91626,-22.97788],[-43.91606,-22.97855],[-43.91662,-22.97832],[-43.91626,-22.97788]]],[[[-44.00673,-22.96495],[-44.00679,-22.96525],[-44.00705,-22.96539],[-44.00673,-22.96495]]],[[[-44.00635,-22.96455],[-44.00607,-22.96431],[-44.00607,-22.9646],[-44.00635,-22.96455]]],[[[-44.00062,-22.96297],[-44.00066,-22.96187],[-43.99951,-22.96183],[-44.00062,-22.96297]]],[[[-43.91094,-22.96031],[-43.91122,-22.96224],[-43.91218,-22.96081],[-43.91094,-22.96031]]],[[[-43.95191,-22.95995],[-43.9472,-22.95932],[-43.94732,-22.9611],[-43.95191,-22.95995]]],[[[-43.99807,-22.96036],[-43.99841,-22.96017],[-43.99808,-22.96003],[-43.99807,-22.96036]]],[[[-43.87612,-22.95927],[-43.87622,-22.95909],[-43.87584,-22.95897],[-43.87612,-22.95927]]],[[[-43.87377,-22.95811],[-43.87222,-22.95788],[-43.87376,-22.95864],[-43.87377,-22.95811]]],[[[-43.86434,-22.95573],[-43.86479,-22.95551],[-43.8637,-22.95548],[-43.86434,-22.95573]]],[[[-43.85753,-22.95185],[-43.86368,-22.95048],[-43.86049,-22.94667],[-43.85753,-22.95185]]],[[[-43.9273,-22.94784],[-43.92901,-22.94889],[-43.92772,-22.94718],[-43.9273,-22.94784]]],[[[-44.0091,-22.94798],[-44.00931,-22.94709],[-44.00789,-22.94708],[-44.0091,-22.94798]]],[[[-43.85748,-22.94524],[-43.85698,-22.9454],[-43.85901,-22.94622],[-43.85748,-22.94524]]],[[[-43.86612,-22.94455],[-43.86419,-22.94507],[-43.86634,-22.94589],[-43.86612,-22.94455]]],[[[-43.92215,-22.94449],[-43.92369,-22.94567],[-43.92305,-22.94425],[-43.92215,-22.94449]]],[[[-43.96557,-22.94351],[-43.96645,-22.94512],[-43.9673,-22.94341],[-43.96557,-22.94351]]],[[[-43.96178,-22.943],[-43.96175,-22.94431],[-43.96369,-22.94377],[-43.96178,-22.943]]],[[[-43.921,-22.94203],[-43.91521,-22.93943],[-43.92007,-22.94491],[-43.921,-22.94203]]],[[[-43.86878,-22.92474],[-43.89259,-22.95635],[-43.91239,-22.93521],[-43.86878,-22.92474]]],[[[-43.85406,-22.94166],[-43.85442,-22.94171],[-43.85413,-22.94127],[-43.85406,-22.94166]]],[[[-43.95971,-22.93348],[-43.95998,-22.93339],[-43.95969,-22.93307],[-43.95971,-22.93348]]],[[[-43.96086,-22.93253],[-43.9607,-22.93266],[-43.96105,-22.93284],[-43.96086,-22.93253]]],[[[-43.88738,-22.92665],[-43.88737,-22.92783],[-43.88822,-22.92713],[-43.88738,-22.92665]]],[[[-43.86609,-22.92524],[-43.86503,-22.92458],[-43.86519,-22.92599],[-43.86609,-22.92524]]],[[[-43.87674,-22.92422],[-43.87584,-22.9235],[-43.87627,-22.92444],[-43.87674,-22.92422]]],[[[-43.87659,-22.92256],[-43.87684,-22.92294],[-43.87694,-22.92272],[-43.87659,-22.92256]]],[[[-43.84118,-22.90751],[-43.84121,-22.90763],[-43.84138,-22.90758],[-43.84118,-22.90751]]],[[[-43.8411,-22.90737],[-43.8413,-22.9074],[-43.84121,-22.9073],[-43.8411,-22.90737]]],[[[-43.84058,-22.9073],[-43.84102,-22.90734],[-43.84091,-22.90708],[-43.84058,-22.9073]]],[[[-43.84253,-22.90636],[-43.84243,-22.90644],[-43.84256,-22.90655],[-43.84253,-22.90636]]],[[[-43.84161,-22.90647],[-43.84223,-22.90647],[-43.84155,-22.90607],[-43.84161,-22.90647]]],[[[-43.84031,-22.90625],[-43.84012,-22.90609],[-43.84019,-22.90638],[-43.84031,-22.90625]]],[[[-43.84017,-22.90603],[-43.84078,-22.90664],[-43.84067,-22.90601],[-43.84017,-22.90603]]],[[[-43.83966,-22.90597],[-43.84,-22.90595],[-43.84001,-22.90558],[-43.83966,-22.90597]]],[[[-44.72964,-22.36075],[-44.66293,-22.37995],[-44.54398,-22.33233],[-44.45711,-22.25759],[-44.25993,-22.26808],[-44.09931,-22.1732],[-44.0047,-22.16273],[-43.7644,-22.06317],[-43.73145,-22.09622],[-43.5853,-22.05159],[-43.46452,-22.07276],[-43.36783,-22.01981],[-43.24656,-22.00657],[-43.12835,-22.02973],[-43.14226,-22.10445],[-43.07556,-22.09319],[-42.88143,-21.95927],[-42.35773,-21.74105],[-42.26943,-21.71698],[-42.36868,-21.61842],[-42.25462,-21.48698],[-42.29212,-21.45924],[-42.18972,-21.25051],[-42.20833,-21.17902],[-42.08481,-21.02299],[-42.15095,-20.97403],[-42.09379,-20.93563],[-41.97593,-20.93555],[-41.92874,-20.79433],[-41.87474,-20.76593],[-41.73985,-20.8175],[-41.71007,-20.99131],[-41.73594,-21.1026],[-41.56462,-21.18374],[-41.24137,-21.22036],[-41.19036,-21.24856],[-41.09123,-21.2189],[-40.96104,-21.30112],[-40.96158,-21.35976],[-41.06889,-21.49758],[-41.04687,-21.61909],[-40.97519,-21.94103],[-41.00403,-22.02109],[-41.26456,-22.15371],[-41.51878,-22.22444],[-41.7704,-22.3597],[-41.94671,-22.52838],[-41.99575,-22.60062],[-41.9876,-22.71115],[-41.90986,-22.77878],[-42.07391,-22.95552],[-42.57877,-22.93279],[-42.72745,-22.95618],[-43.03977,-22.97451],[-43.11445,-22.88131],[-43.02624,-22.74348],[-43.03257,-22.69376],[-43.08456,-22.67966],[-43.21456,-22.72772],[-43.27863,-22.78049],[-43.2648,-22.82647],[-43.1672,-22.96389],[-43.2855,-23.015],[-43.4198,-23.01764],[-43.56237,-23.05316],[-43.59956,-23.02288],[-43.79678,-22.91654],[-43.84566,-22.90171],[-44.00586,-22.94214],[-44.12996,-23.03252],[-44.24753,-23.04851],[-44.24937,-22.99784],[-44.36301,-23.01561],[-44.29989,-22.95875],[-44.33112,-22.92581],[-44.41112,-22.94121],[-44.58343,-23.05804],[-44.61858,-23.04416],[-44.66855,-23.05417],[-44.69067,-23.08314],[-44.72116,-23.20183],[-44.65744,-23.2928],[-44.53581,-23.29208],[-44.58301,-23.35755],[-44.67525,-23.33589],[-44.72692,-23.35351],[-44.72425,-23.36756],[-44.72808,-23.36893],[-44.88932,-23.22659],[-44.82442,-23.16269],[-44.7919,-22.98188],[-44.60714,-22.88534],[-44.48437,-22.84636],[-44.46692,-22.88497],[-44.2676,-22.82902],[-44.25758,-22.76696],[-44.16137,-22.67826],[-44.22637,-22.60456],[-44.39279,-22.57281],[-44.50859,-22.64095],[-44.64345,-22.60049],[-44.73304,-22.43419],[-44.80944,-22.40557],[-44.72964,-22.36075]]],[[[-43.83518,-23.11504],[-43.83474,-23.11571],[-43.83666,-23.11615],[-43.83518,-23.11504]]],[[[-43.56918,-23.08151],[-43.56909,-23.08129],[-43.56876,-23.08156],[-43.56918,-23.08151]]],[[[-43.56355,-23.08216],[-43.56138,-23.07874],[-43.55917,-23.08074],[-43.56355,-23.08216]]],[[[-43.20048,-23.07366],[-43.19843,-23.07355],[-43.19889,-23.07477],[-43.20048,-23.07366]]],[[[-43.57302,-23.07285],[-43.57363,-23.07349],[-43.57435,-23.07288],[-43.57302,-23.07285]]],[[[-43.19278,-23.0741],[-43.1991,-23.07147],[-43.19374,-23.0672],[-43.19278,-23.0741]]],[[[-43.5079,-23.06485],[-43.51441,-23.06538],[-43.51108,-23.0624],[-43.5079,-23.06485]]],[[[-43.89947,-23.0688],[-43.9543,-23.08696],[-43.97327,-23.04526],[-43.89947,-23.0688]]],[[[-43.5112,-23.0602],[-43.51215,-23.06131],[-43.51232,-23.06063],[-43.5112,-23.0602]]],[[[-43.56751,-23.06001],[-43.56766,-23.05991],[-43.56757,-23.05968],[-43.56751,-23.06001]]],[[[-43.56654,-23.05891],[-43.56622,-23.0586],[-43.56597,-23.05904],[-43.56654,-23.05891]]],[[[-43.56736,-23.05813],[-43.56599,-23.05823],[-43.56721,-23.0596],[-43.56736,-23.05813]]],[[[-43.56579,-23.05869],[-43.56571,-23.05876],[-43.56582,-23.05882],[-43.56579,-23.05869]]],[[[-43.56344,-23.05731],[-43.56294,-23.0581],[-43.56398,-23.05878],[-43.56344,-23.05731]]],[[[-43.56579,-23.05721],[-43.56555,-23.05542],[-43.56488,-23.05652],[-43.56579,-23.05721]]],[[[-43.5634,-23.054],[-43.56328,-23.05484],[-43.56521,-23.05332],[-43.5634,-23.054]]],[[[-43.50906,-23.05269],[-43.50774,-23.05334],[-43.50937,-23.05416],[-43.50906,-23.05269]]],[[[-43.56629,-23.05254],[-43.56946,-23.05106],[-43.56474,-23.05152],[-43.56629,-23.05254]]],[[[-43.56906,-23.05074],[-43.56941,-23.0509],[-43.5694,-23.05071],[-43.56906,-23.05074]]],[[[-43.56998,-23.04964],[-43.56927,-23.05049],[-43.57078,-23.04978],[-43.56998,-23.04964]]],[[[-43.31025,-23.04733],[-43.31079,-23.04665],[-43.31007,-23.04668],[-43.31025,-23.04733]]],[[[-43.58287,-23.04519],[-43.58409,-23.04504],[-43.58461,-23.04411],[-43.58287,-23.04519]]],[[[-43.31047,-23.0444],[-43.31023,-23.04407],[-43.31003,-23.04448],[-43.31047,-23.0444]]],[[[-43.58839,-23.04265],[-43.58625,-23.04321],[-43.58563,-23.04477],[-43.58839,-23.04265]]],[[[-43.59166,-23.04133],[-43.58861,-23.04266],[-43.59417,-23.04207],[-43.59166,-23.04133]]],[[[-43.59273,-23.04122],[-43.59334,-23.04142],[-43.59337,-23.04116],[-43.59273,-23.04122]]],[[[-43.58064,-23.03906],[-43.57777,-23.04287],[-43.57921,-23.04448],[-43.58064,-23.03906]]],[[[-43.30794,-23.03871],[-43.30419,-23.03658],[-43.30235,-23.03792],[-43.30794,-23.03871]]],[[[-43.31646,-23.0376],[-43.31661,-23.03718],[-43.31582,-23.03737],[-43.31646,-23.0376]]],[[[-43.20601,-23.04021],[-43.20736,-23.03783],[-43.20058,-23.03656],[-43.20601,-23.04021]]],[[[-43.6023,-23.02888],[-43.58085,-23.04037],[-43.60228,-23.03904],[-43.6023,-23.02888]]],[[[-43.47092,-23.03777],[-43.47066,-23.03383],[-43.46753,-23.03713],[-43.47092,-23.03777]]],[[[-43.30499,-23.03408],[-43.30489,-23.03385],[-43.30477,-23.03412],[-43.30499,-23.03408]]],[[[-43.30554,-23.03373],[-43.30576,-23.03327],[-43.30533,-23.03325],[-43.30554,-23.03373]]],[[[-43.19492,-23.03248],[-43.1952,-23.03375],[-43.19625,-23.03395],[-43.19492,-23.03248]]],[[[-43.30093,-23.03151],[-43.29848,-23.03125],[-43.29931,-23.03425],[-43.30093,-23.03151]]],[[[-43.19375,-23.0317],[-43.19297,-23.03117],[-43.19275,-23.03167],[-43.19375,-23.0317]]],[[[-43.61164,-23.03019],[-43.60454,-23.0307],[-43.60498,-23.03314],[-43.61164,-23.03019]]],[[[-43.27843,-23.03018],[-43.27592,-23.02882],[-43.27522,-23.03015],[-43.27843,-23.03018]]],[[[-43.19258,-23.03021],[-43.19266,-23.0293],[-43.19112,-23.02955],[-43.19258,-23.03021]]],[[[-43.60265,-23.02891],[-43.60457,-23.02739],[-43.60027,-23.02749],[-43.60265,-23.02891]]],[[[-43.19502,-23.0275],[-43.1919,-23.02533],[-43.19006,-23.02702],[-43.19502,-23.0275]]],[[[-43.20202,-23.02744],[-43.2063,-23.02577],[-43.20078,-23.02608],[-43.20202,-23.02744]]],[[[-43.1828,-23.02139],[-43.18274,-23.02277],[-43.1838,-23.02173],[-43.1828,-23.02139]]],[[[-43.65277,-23.00296],[-43.65241,-23.00313],[-43.65303,-23.00341],[-43.65277,-23.00296]]],[[[-43.65037,-23.0026],[-43.65079,-23.0026],[-43.65032,-23.00222],[-43.65037,-23.0026]]],[[[-43.66059,-22.99947],[-43.66039,-22.99967],[-43.66099,-22.99987],[-43.66059,-22.99947]]],[[[-43.66073,-22.99895],[-43.6607,-22.99857],[-43.65976,-22.99824],[-43.66073,-22.99895]]],[[[-43.69588,-22.98624],[-43.69526,-22.98636],[-43.69624,-22.9867],[-43.69588,-22.98624]]],[[[-43.70645,-22.98618],[-43.70354,-22.98519],[-43.70572,-22.98668],[-43.70645,-22.98618]]],[[[-43.78587,-22.92891],[-43.78689,-22.92643],[-43.78329,-22.92572],[-43.78587,-22.92891]]],[[[-43.81319,-22.92461],[-43.80944,-22.92289],[-43.81053,-22.92555],[-43.81319,-22.92461]]],[[[-43.81176,-22.92037],[-43.81429,-22.92066],[-43.81136,-22.91885],[-43.81176,-22.92037]]],[[[-43.83916,-22.90578],[-43.83917,-22.90601],[-43.83944,-22.90599],[-43.83916,-22.90578]]],[[[-43.83956,-22.90591],[-43.8398,-22.90568],[-43.83953,-22.90553],[-43.83956,-22.90591]]],[[[-43.83894,-22.90545],[-43.83863,-22.90579],[-43.8388,-22.9058],[-43.83894,-22.90545]]],[[[-43.83874,-22.90551],[-43.8387,-22.90539],[-43.8386,-22.9056],[-43.83874,-22.90551]]],[[[-43.17472,-22.89315],[-43.16737,-22.8956],[-43.17496,-22.89752],[-43.17472,-22.89315]]],[[[-43.20866,-22.88951],[-43.21092,-22.88683],[-43.20837,-22.8864],[-43.20866,-22.88951]]],[[[-43.19634,-22.88711],[-43.19562,-22.88747],[-43.19782,-22.88777],[-43.19634,-22.88711]]],[[[-43.17366,-22.88416],[-43.17691,-22.88405],[-43.17502,-22.88268],[-43.17366,-22.88416]]],[[[-43.24234,-22.83696],[-43.21567,-22.87053],[-43.23624,-22.86113],[-43.24234,-22.83696]]],[[[-43.17296,-22.83868],[-43.17453,-22.83898],[-43.1745,-22.83684],[-43.17296,-22.83868]]],[[[-43.18471,-22.83358],[-43.18475,-22.83357],[-43.18475,-22.83355],[-43.18471,-22.83358]]],[[[-43.25428,-22.82552],[-43.25426,-22.82576],[-43.25453,-22.82551],[-43.25428,-22.82552]]],[[[-43.25781,-22.82655],[-43.25992,-22.82509],[-43.25756,-22.82487],[-43.25781,-22.82655]]],[[[-43.25555,-22.82453],[-43.25495,-22.82424],[-43.25466,-22.82532],[-43.25555,-22.82453]]],[[[-43.26587,-22.81161],[-43.2207,-22.78458],[-43.18475,-22.83355],[-43.26587,-22.81161]]],[[[-43.16937,-22.76776],[-43.16921,-22.76754],[-43.16916,-22.76772],[-43.16937,-22.76776]]],[[[-43.16918,-22.76695],[-43.16918,-22.76699],[-43.16923,-22.76698],[-43.16918,-22.76695]]],[[[-43.16917,-22.7669],[-43.16919,-22.76677],[-43.16911,-22.76684],[-43.16917,-22.7669]]],[[[-43.16909,-22.76662],[-43.16909,-22.76671],[-43.16917,-22.76662],[-43.16909,-22.76662]]],[[[-43.18088,-22.72638],[-43.18134,-22.72593],[-43.18081,-22.72598],[-43.18088,-22.72638]]],[[[-43.14782,-23.06494],[-43.14884,-23.0595],[-43.14233,-23.06589],[-43.14782,-23.06494]]],[[[-43.14919,-22.96594],[-43.15106,-22.96435],[-43.14734,-22.96171],[-43.14919,-22.96594]]],[[[-43.11548,-22.95178],[-43.11553,-22.95241],[-43.11671,-22.95208],[-43.11548,-22.95178]]],[[[-43.1479,-22.93524],[-43.14847,-22.93549],[-43.14792,-22.93506],[-43.1479,-22.93524]]],[[[-43.1473,-22.93447],[-43.14621,-22.93419],[-43.14656,-22.93484],[-43.1473,-22.93447]]],[[[-43.16063,-22.91295],[-43.15781,-22.91263],[-43.16055,-22.91655],[-43.16063,-22.91295]]],[[[-43.12609,-22.91063],[-43.12577,-22.91004],[-43.12521,-22.91003],[-43.12609,-22.91063]]],[[[-43.13087,-22.90889],[-43.13114,-22.909],[-43.13109,-22.90883],[-43.13087,-22.90889]]],[[[-43.16684,-22.89734],[-43.16696,-22.89686],[-43.16585,-22.89702],[-43.16684,-22.89734]]],[[[-43.12506,-22.8746],[-43.1185,-22.87503],[-43.12004,-22.87726],[-43.12506,-22.8746]]],[[[-43.1315,-22.87368],[-43.13715,-22.87604],[-43.13818,-22.86908],[-43.1315,-22.87368]]],[[[-43.12643,-22.8641],[-43.13139,-22.86589],[-43.12879,-22.86196],[-43.12643,-22.8641]]],[[[-43.11884,-22.86354],[-43.12606,-22.86274],[-43.11681,-22.85884],[-43.11884,-22.86354]]],[[[-43.11578,-22.85373],[-43.11596,-22.85454],[-43.11702,-22.85446],[-43.11578,-22.85373]]],[[[-43.11554,-22.83356],[-43.10474,-22.83477],[-43.10781,-22.84079],[-43.11554,-22.83356]]],[[[-43.1676,-22.82924],[-43.16719,-22.82913],[-43.16717,-22.82933],[-43.1676,-22.82924]]],[[[-43.16256,-22.81998],[-43.16314,-22.82006],[-43.16282,-22.81943],[-43.16256,-22.81998]]],[[[-43.16189,-22.81127],[-43.16188,-22.81512],[-43.16469,-22.81186],[-43.16189,-22.81127]]],[[[-43.12017,-22.80633],[-43.12095,-22.80628],[-43.12063,-22.80575],[-43.12017,-22.80633]]],[[[-43.12329,-22.80705],[-43.12426,-22.80598],[-43.12256,-22.80445],[-43.12329,-22.80705]]],[[[-43.11921,-22.80281],[-43.11696,-22.80259],[-43.11786,-22.80443],[-43.11921,-22.80281]]],[[[-43.10921,-22.80001],[-43.10813,-22.80084],[-43.11197,-22.80319],[-43.10921,-22.80001]]],[[[-43.16844,-22.80015],[-43.16944,-22.80045],[-43.1688,-22.79975],[-43.16844,-22.80015]]],[[[-43.15772,-22.79986],[-43.15732,-22.80016],[-43.15784,-22.80023],[-43.15772,-22.79986]]],[[[-43.12272,-22.79901],[-43.12373,-22.7993],[-43.12331,-22.79782],[-43.12272,-22.79901]]],[[[-43.11168,-22.7957],[-43.11127,-22.79662],[-43.11344,-22.79731],[-43.11168,-22.7957]]],[[[-43.1213,-22.79668],[-43.12275,-22.79636],[-43.1212,-22.7957],[-43.1213,-22.79668]]],[[[-43.15579,-22.79473],[-43.15582,-22.79462],[-43.15575,-22.79469],[-43.15579,-22.79473]]],[[[-43.15544,-22.79463],[-43.15554,-22.79462],[-43.15547,-22.79459],[-43.15544,-22.79463]]],[[[-43.15587,-22.79438],[-43.15592,-22.7945],[-43.15602,-22.7944],[-43.15587,-22.79438]]],[[[-43.15488,-22.79418],[-43.1549,-22.79421],[-43.15494,-22.79417],[-43.15488,-22.79418]]],[[[-43.15494,-22.79417],[-43.15498,-22.79412],[-43.15491,-22.79413],[-43.15494,-22.79417]]],[[[-43.1549,-22.79412],[-43.15488,-22.79412],[-43.15491,-22.79413],[-43.1549,-22.79412]]],[[[-43.15481,-22.7941],[-43.15483,-22.79412],[-43.15486,-22.79412],[-43.15481,-22.7941]]],[[[-43.15581,-22.79405],[-43.15581,-22.79403],[-43.1558,-22.79404],[-43.15581,-22.79405]]],[[[-43.15498,-22.79412],[-43.15576,-22.79454],[-43.1558,-22.79404],[-43.15498,-22.79412]]],[[[-43.15576,-22.79205],[-43.1557,-22.79208],[-43.15575,-22.79209],[-43.15576,-22.79205]]],[[[-43.1555,-22.79208],[-43.15551,-22.79199],[-43.15541,-22.79204],[-43.1555,-22.79208]]],[[[-43.15557,-22.79196],[-43.15556,-22.79192],[-43.15551,-22.79196],[-43.15557,-22.79196]]],[[[-43.15571,-22.79194],[-43.1557,-22.79188],[-43.15564,-22.7919],[-43.15571,-22.79194]]],[[[-43.15562,-22.79191],[-43.15563,-22.79192],[-43.15564,-22.7919],[-43.15562,-22.79191]]],[[[-43.15552,-22.79189],[-43.15551,-22.7919],[-43.15554,-22.79189],[-43.15552,-22.79189]]],[[[-43.15563,-22.79188],[-43.15554,-22.79184],[-43.15554,-22.79189],[-43.15563,-22.79188]]],[[[-43.15552,-22.79183],[-43.15552,-22.79182],[-43.15549,-22.79184],[-43.15552,-22.79183]]],[[[-43.15577,-22.79182],[-43.15578,-22.79185],[-43.15582,-22.79183],[-43.15577,-22.79182]]],[[[-43.15539,-22.79174],[-43.15537,-22.79175],[-43.15541,-22.79176],[-43.15539,-22.79174]]],[[[-43.15573,-22.7917],[-43.15567,-22.7917],[-43.15572,-22.79178],[-43.15573,-22.7917]]],[[[-43.15231,-22.79043],[-43.15222,-22.79018],[-43.15216,-22.79029],[-43.15231,-22.79043]]],[[[-43.15129,-22.7898],[-43.15168,-22.79012],[-43.15166,-22.7894],[-43.15129,-22.7898]]],[[[-43.14934,-22.78949],[-43.14928,-22.78886],[-43.14859,-22.78945],[-43.14934,-22.78949]]],[[[-43.15088,-22.78811],[-43.15163,-22.78732],[-43.14862,-22.78701],[-43.15088,-22.78811]]],[[[-43.13791,-22.78336],[-43.13838,-22.7828],[-43.13735,-22.78294],[-43.13791,-22.78336]]],[[[-43.14088,-22.78188],[-43.14038,-22.78179],[-43.14083,-22.78206],[-43.14088,-22.78188]]],[[[-43.13879,-22.77667],[-43.13853,-22.77635],[-43.13827,-22.77707],[-43.13879,-22.77667]]],[[[-43.13959,-22.77606],[-43.13916,-22.77689],[-43.14036,-22.77641],[-43.13959,-22.77606]]],[[[-43.15303,-22.77501],[-43.16001,-22.77018],[-43.15997,-22.77015],[-43.15996,-22.77017],[-43.15303,-22.77501]]],[[[-43.11524,-22.77044],[-43.11537,-22.77002],[-43.1149,-22.76986],[-43.11524,-22.77044]]],[[[-43.11658,-22.76938],[-43.11716,-22.76919],[-43.11654,-22.76888],[-43.11658,-22.76938]]],[[[-43.16894,-22.76873],[-43.16902,-22.76879],[-43.169,-22.76869],[-43.16894,-22.76873]]],[[[-43.1685,-22.76871],[-43.1677,-22.7679],[-43.16748,-22.7686],[-43.1685,-22.76871]]],[[[-43.16863,-22.76816],[-43.16872,-22.76809],[-43.16858,-22.76801],[-43.16863,-22.76816]]],[[[-43.16836,-22.7678],[-43.16849,-22.76791],[-43.16862,-22.76781],[-43.16836,-22.7678]]],[[[-43.16825,-22.7676],[-43.16827,-22.76775],[-43.16831,-22.76756],[-43.16825,-22.7676]]],[[[-43.16802,-22.7674],[-43.16776,-22.76768],[-43.16804,-22.7677],[-43.16802,-22.7674]]],[[[-43.16863,-22.76753],[-43.16889,-22.76753],[-43.16874,-22.76739],[-43.16863,-22.76753]]],[[[-43.16867,-22.7674],[-43.16856,-22.76734],[-43.16855,-22.7675],[-43.16867,-22.7674]]],[[[-43.16906,-22.76757],[-43.16915,-22.76716],[-43.16888,-22.76723],[-43.16906,-22.76757]]],[[[-43.16837,-22.7672],[-43.16827,-22.76719],[-43.16826,-22.76726],[-43.16837,-22.7672]]],[[[-43.16917,-22.76702],[-43.16909,-22.76701],[-43.16911,-22.76704],[-43.16917,-22.76702]]],[[[-43.16895,-22.76708],[-43.16892,-22.76696],[-43.16887,-22.76707],[-43.16895,-22.76708]]],[[[-43.16872,-22.76672],[-43.16866,-22.76675],[-43.16875,-22.76679],[-43.16872,-22.76672]]],[[[-43.11524,-22.75677],[-43.11992,-22.75847],[-43.11808,-22.75353],[-43.11524,-22.75677]]],[[[-43.12567,-22.74656],[-43.12804,-22.74837],[-43.12904,-22.74667],[-43.12567,-22.74656]]],[[[-42.92931,-23.02523],[-42.92915,-23.02486],[-42.92906,-23.02516],[-42.92931,-23.02523]]],[[[-42.92813,-23.0244],[-42.92816,-23.02215],[-42.92515,-23.02149],[-42.92813,-23.0244]]],[[[-42.91957,-23.01665],[-42.92176,-23.01387],[-42.91288,-23.0085],[-42.91957,-23.01665]]],[[[-42.90763,-23.0074],[-42.90879,-23.00736],[-42.90708,-23.00601],[-42.90763,-23.0074]]],[[[-42.90896,-23.00552],[-42.90755,-23.00466],[-42.9079,-23.00578],[-42.90896,-23.00552]]],[[[-41.97787,-22.99685],[-42.00694,-23.01091],[-41.97839,-22.97789],[-41.97787,-22.99685]]],[[[-43.08569,-22.98966],[-43.08887,-22.98802],[-43.08103,-22.98572],[-43.08569,-22.98966]]],[[[-42.03698,-22.98427],[-42.03759,-22.98468],[-42.03755,-22.98378],[-42.03698,-22.98427]]],[[[-43.06744,-22.98629],[-43.06777,-22.98296],[-43.06282,-22.98408],[-43.06744,-22.98629]]],[[[-42.03814,-22.98057],[-42.03731,-22.98074],[-42.03823,-22.98335],[-42.03814,-22.98057]]],[[[-43.0529,-22.97736],[-43.05329,-22.98014],[-43.0552,-22.98071],[-43.0529,-22.97736]]],[[[-41.98546,-22.96368],[-41.98969,-22.96899],[-41.99262,-22.9629],[-41.98546,-22.96368]]],[[[-42.6912,-22.96229],[-42.69223,-22.96214],[-42.69192,-22.96179],[-42.6912,-22.96229]]],[[[-43.10503,-22.95762],[-43.10409,-22.95544],[-43.10212,-22.9569],[-43.10503,-22.95762]]],[[[-42.46911,-22.94361],[-42.46788,-22.94385],[-42.46945,-22.94442],[-42.46911,-22.94361]]],[[[-42.02961,-22.94008],[-42.02877,-22.93986],[-42.02986,-22.94216],[-42.02961,-22.94008]]],[[[-42.47614,-22.94049],[-42.47677,-22.93981],[-42.47571,-22.93944],[-42.47614,-22.94049]]],[[[-42.47533,-22.93919],[-42.47561,-22.93907],[-42.4753,-22.93884],[-42.47533,-22.93919]]],[[[-42.47486,-22.9387],[-42.47466,-22.9385],[-42.47456,-22.93875],[-42.47486,-22.9387]]],[[[-42.47442,-22.93852],[-42.4747,-22.93833],[-42.47426,-22.93809],[-42.47442,-22.93852]]],[[[-42.47375,-22.93804],[-42.47359,-22.93787],[-42.47346,-22.93855],[-42.47375,-22.93804]]],[[[-43.10192,-22.931],[-43.10145,-22.93115],[-43.10185,-22.93137],[-43.10192,-22.931]]],[[[-41.98185,-22.89801],[-41.98893,-22.89241],[-41.97883,-22.89267],[-41.98185,-22.89801]]],[[[-41.96094,-22.88379],[-41.96033,-22.8832],[-41.9606,-22.88535],[-41.96094,-22.88379]]],[[[-41.95913,-22.88181],[-41.9581,-22.88241],[-41.9594,-22.8841],[-41.95913,-22.88181]]],[[[-41.94199,-22.87998],[-41.94296,-22.87849],[-41.93949,-22.87718],[-41.94199,-22.87998]]],[[[-41.9532,-22.87614],[-41.95314,-22.87226],[-41.94948,-22.87081],[-41.9532,-22.87614]]],[[[-41.93796,-22.87],[-41.9383,-22.8704],[-41.93821,-22.86978],[-41.93796,-22.87]]],[[[-41.94458,-22.87588],[-41.95013,-22.86988],[-41.93579,-22.86284],[-41.94458,-22.87588]]],[[[-41.91973,-22.86558],[-41.92135,-22.86359],[-41.91832,-22.86407],[-41.91973,-22.86558]]],[[[-41.92352,-22.86478],[-41.92451,-22.8639],[-41.92133,-22.86381],[-41.92352,-22.86478]]],[[[-43.10606,-22.84838],[-43.10392,-22.84571],[-43.10419,-22.84791],[-43.10606,-22.84838]]],[[[-43.10751,-22.84679],[-43.10831,-22.84743],[-43.1078,-22.84646],[-43.10751,-22.84679]]],[[[-43.10196,-22.8297],[-43.10129,-22.82436],[-43.09567,-22.82298],[-43.10196,-22.8297]]],[[[-41.91945,-22.81669],[-41.91912,-22.8156],[-41.91817,-22.81703],[-41.91945,-22.81669]]],[[[-41.91736,-22.81573],[-41.91778,-22.81627],[-41.91805,-22.81558],[-41.91736,-22.81573]]],[[[-41.91912,-22.8155],[-41.91968,-22.81575],[-41.91969,-22.81519],[-41.91912,-22.8155]]],[[[-41.92347,-22.8131],[-41.92221,-22.81263],[-41.92019,-22.81449],[-41.92347,-22.8131]]],[[[-43.10461,-22.79136],[-43.10494,-22.79095],[-43.10399,-22.79065],[-43.10461,-22.79136]]],[[[-43.10635,-22.79155],[-43.10562,-22.79051],[-43.10486,-22.79055],[-43.10635,-22.79155]]],[[[-43.10162,-22.78994],[-43.10119,-22.78941],[-43.1009,-22.7896],[-43.10162,-22.78994]]],[[[-43.10036,-22.78929],[-43.10039,-22.78864],[-43.09905,-22.78861],[-43.10036,-22.78929]]],[[[-43.105,-22.77762],[-43.10623,-22.77774],[-43.10614,-22.77649],[-43.105,-22.77762]]],[[[-43.07235,-22.77432],[-43.07263,-22.7747],[-43.07266,-22.77425],[-43.07235,-22.77432]]],[[[-43.07285,-22.77366],[-43.07356,-22.77455],[-43.0739,-22.77338],[-43.07285,-22.77366]]],[[[-43.10153,-22.76294],[-43.10222,-22.76322],[-43.1019,-22.76248],[-43.10153,-22.76294]]],[[[-43.06988,-22.76067],[-43.06974,-22.76021],[-43.06959,-22.76064],[-43.06988,-22.76067]]],[[[-43.11282,-22.75436],[-43.10248,-22.76509],[-43.10827,-22.76989],[-43.11282,-22.75436]]],[[[-43.02728,-22.74351],[-43.03134,-22.74681],[-43.03073,-22.74039],[-43.02728,-22.74351]]],[[[-41.94141,-22.73934],[-41.94154,-22.7395],[-41.94157,-22.73934],[-41.94141,-22.73934]]],[[[-41.94367,-22.74103],[-41.94626,-22.73701],[-41.94195,-22.73896],[-41.94367,-22.74103]]],[[[-41.94612,-22.73654],[-41.94621,-22.73673],[-41.9464,-22.73655],[-41.94612,-22.73654]]],[[[-41.94062,-22.73684],[-41.94078,-22.73603],[-41.94051,-22.73636],[-41.94062,-22.73684]]],[[[-41.94613,-22.728],[-41.946,-22.72773],[-41.94584,-22.72788],[-41.94613,-22.728]]],[[[-41.92207,-22.72547],[-41.92652,-22.72342],[-41.91979,-22.72193],[-41.92207,-22.72547]]],[[[-43.06354,-22.69451],[-43.06388,-22.69482],[-43.06423,-22.69428],[-43.06354,-22.69451]]],[[[-43.10534,-22.69226],[-43.10487,-22.69197],[-43.10478,-22.69238],[-43.10534,-22.69226]]],[[[-43.06196,-22.69072],[-43.06075,-22.69001],[-43.06124,-22.69094],[-43.06196,-22.69072]]],[[[-41.98226,-22.59591],[-41.98269,-22.59697],[-41.98321,-22.59689],[-41.98226,-22.59591]]],[[[-41.93386,-22.54174],[-41.93447,-22.5418],[-41.93412,-22.54144],[-41.93386,-22.54174]]],[[[-41.94144,-22.54115],[-41.94139,-22.54169],[-41.94217,-22.54141],[-41.94144,-22.54115]]],[[[-41.93526,-22.54076],[-41.93519,-22.54055],[-41.93503,-22.54062],[-41.93526,-22.54076]]],[[[-41.94156,-22.54055],[-41.94167,-22.54047],[-41.94155,-22.54039],[-41.94156,-22.54055]]],[[[-41.93367,-22.54038],[-41.93375,-22.54049],[-41.93381,-22.54038],[-41.93367,-22.54038]]],[[[-41.93396,-22.54022],[-41.93404,-22.54048],[-41.93412,-22.54046],[-41.93396,-22.54022]]],[[[-41.93431,-22.5401],[-41.93427,-22.53993],[-41.93411,-22.54008],[-41.93431,-22.5401]]],[[[-41.94314,-22.53976],[-41.9431,-22.53959],[-41.94292,-22.53982],[-41.94314,-22.53976]]],[[[-41.93568,-22.53946],[-41.93587,-22.5395],[-41.9357,-22.53936],[-41.93568,-22.53946]]],[[[-41.93776,-22.54004],[-41.93736,-22.53852],[-41.9359,-22.53908],[-41.93776,-22.54004]]],[[[-41.9199,-22.53294],[-41.91906,-22.53185],[-41.91875,-22.533],[-41.9199,-22.53294]]],[[[-41.91633,-22.53253],[-41.91709,-22.53247],[-41.91639,-22.53216],[-41.91633,-22.53253]]],[[[-41.91877,-22.53167],[-41.91852,-22.5315],[-41.91855,-22.53183],[-41.91877,-22.53167]]],[[[-41.91959,-22.52687],[-41.91975,-22.52693],[-41.91964,-22.52662],[-41.91959,-22.52687]]],[[[-41.90471,-22.86033],[-41.90954,-22.85916],[-41.90431,-22.85136],[-41.90471,-22.86033]]],[[[-41.90284,-22.8508],[-41.9035,-22.8505],[-41.90294,-22.85038],[-41.90284,-22.8508]]],[[[-41.88907,-22.84458],[-41.89346,-22.84594],[-41.89075,-22.84322],[-41.88907,-22.84458]]],[[[-41.89631,-22.78609],[-41.89637,-22.78633],[-41.89651,-22.78579],[-41.89631,-22.78609]]],[[[-41.89212,-22.78477],[-41.89222,-22.78466],[-41.89212,-22.78464],[-41.89212,-22.78477]]],[[[-41.82891,-22.78485],[-41.82907,-22.78454],[-41.82832,-22.78433],[-41.82891,-22.78485]]],[[[-41.82926,-22.78389],[-41.82923,-22.78453],[-41.82976,-22.7844],[-41.82926,-22.78389]]],[[[-41.90252,-22.78363],[-41.90258,-22.78353],[-41.90244,-22.78345],[-41.90252,-22.78363]]],[[[-41.89987,-22.78254],[-41.89978,-22.78269],[-41.89983,-22.78275],[-41.89987,-22.78254]]],[[[-41.89985,-22.78235],[-41.89984,-22.78247],[-41.89999,-22.78233],[-41.89985,-22.78235]]],[[[-41.82593,-22.77177],[-41.81974,-22.77181],[-41.82538,-22.77636],[-41.82593,-22.77177]]],[[[-41.78491,-22.77084],[-41.79386,-22.7717],[-41.78964,-22.76743],[-41.78491,-22.77084]]],[[[-41.87198,-22.76616],[-41.8723,-22.76685],[-41.87252,-22.76582],[-41.87198,-22.76616]]],[[[-41.90366,-22.75615],[-41.9039,-22.75555],[-41.90342,-22.75568],[-41.90366,-22.75615]]],[[[-41.8874,-22.75233],[-41.88694,-22.75257],[-41.88755,-22.7529],[-41.8874,-22.75233]]],[[[-41.87549,-22.73098],[-41.87415,-22.72955],[-41.8729,-22.73043],[-41.87549,-22.73098]]],[[[-41.90876,-22.53701],[-41.90919,-22.5371],[-41.90915,-22.5369],[-41.90876,-22.53701]]],[[[-41.90946,-22.53655],[-41.90956,-22.53645],[-41.90936,-22.53651],[-41.90946,-22.53655]]],[[[-41.88496,-22.48977],[-41.88457,-22.48968],[-41.88449,-22.48978],[-41.88496,-22.48977]]],[[[-41.88404,-22.48961],[-41.88338,-22.4894],[-41.88326,-22.48975],[-41.88404,-22.48961]]],[[[-41.88481,-22.48941],[-41.88471,-22.48953],[-41.88509,-22.48945],[-41.88481,-22.48941]]],[[[-41.88399,-22.48817],[-41.88465,-22.48824],[-41.88467,-22.48786],[-41.88399,-22.48817]]],[[[-41.86422,-22.47913],[-41.86523,-22.47871],[-41.8651,-22.47839],[-41.86422,-22.47913]]],[[[-41.84843,-22.47846],[-41.84839,-22.47897],[-41.84888,-22.47875],[-41.84843,-22.47846]]],[[[-41.85001,-22.47868],[-41.84957,-22.47849],[-41.84979,-22.47887],[-41.85001,-22.47868]]],[[[-41.85133,-22.47864],[-41.85096,-22.47781],[-41.85054,-22.47845],[-41.85133,-22.47864]]],[[[-41.86109,-22.47511],[-41.86128,-22.47542],[-41.86176,-22.47476],[-41.86109,-22.47511]]],[[[-41.85813,-22.47452],[-41.85774,-22.47349],[-41.85659,-22.47464],[-41.85813,-22.47452]]],[[[-41.85744,-22.47304],[-41.85771,-22.47337],[-41.85808,-22.47281],[-41.85744,-22.47304]]],[[[-41.85681,-22.4675],[-41.85621,-22.46678],[-41.85599,-22.46797],[-41.85681,-22.4675]]],[[[-41.85092,-22.46501],[-41.85106,-22.46513],[-41.85145,-22.46476],[-41.85092,-22.46501]]],[[[-41.85222,-22.46409],[-41.85228,-22.46388],[-41.85194,-22.46405],[-41.85222,-22.46409]]],[[[-41.85397,-22.46257],[-41.8529,-22.46274],[-41.85369,-22.4637],[-41.85397,-22.46257]]],[[[-41.8526,-22.46257],[-41.85215,-22.46269],[-41.85245,-22.46289],[-41.8526,-22.46257]]],[[[-41.85484,-22.45713],[-41.85493,-22.457],[-41.85479,-22.45677],[-41.85484,-22.45713]]],[[[-41.85497,-22.45693],[-41.85514,-22.45696],[-41.85495,-22.4567],[-41.85497,-22.45693]]],[[[-41.85435,-22.45506],[-41.85396,-22.45522],[-41.85405,-22.45568],[-41.85435,-22.45506]]],[[[-41.8543,-22.45491],[-41.8545,-22.45496],[-41.85435,-22.45476],[-41.8543,-22.45491]]],[[[-41.85254,-22.45401],[-41.85056,-22.45445],[-41.85223,-22.45489],[-41.85254,-22.45401]]],[[[-41.82888,-22.42583],[-41.82897,-22.42553],[-41.82842,-22.42558],[-41.82888,-22.42583]]],[[[-41.82804,-22.42463],[-41.82822,-22.42447],[-41.828,-22.42452],[-41.82804,-22.42463]]],[[[-41.82767,-22.42462],[-41.8278,-22.42443],[-41.82758,-22.42444],[-41.82767,-22.42462]]],[[[-41.82804,-22.42435],[-41.82789,-22.42425],[-41.82781,-22.42434],[-41.82804,-22.42435]]],[[[-41.71303,-22.422],[-41.71667,-22.41906],[-41.71194,-22.42027],[-41.71303,-22.422]]],[[[-41.70003,-22.41949],[-41.71105,-22.41346],[-41.70291,-22.40474],[-41.70003,-22.41949]]],[[[-41.80064,-22.40972],[-41.80052,-22.40988],[-41.80079,-22.41008],[-41.80064,-22.40972]]],[[[-41.69121,-22.40313],[-41.69037,-22.40296],[-41.69069,-22.4036],[-41.69121,-22.40313]]],[[[-41.68897,-22.40131],[-41.68779,-22.40162],[-41.68906,-22.40191],[-41.68897,-22.40131]]],[[[-41.69188,-22.40463],[-41.69761,-22.39971],[-41.69183,-22.39742],[-41.69188,-22.40463]]],[[[-41.68852,-22.40045],[-41.68854,-22.39911],[-41.68527,-22.40011],[-41.68852,-22.40045]]],[[[-41.76635,-22.39077],[-41.76534,-22.39125],[-41.76634,-22.39225],[-41.76635,-22.39077]]],[[[-41.76437,-22.38978],[-41.76407,-22.39059],[-41.76506,-22.39046],[-41.76437,-22.38978]]],[[[-41.75845,-22.38284],[-41.75863,-22.38453],[-41.75999,-22.38405],[-41.75845,-22.38284]]],[[[-41.11639,-22.08121],[-41.11639,-22.08167],[-41.11664,-22.08147],[-41.11639,-22.08121]]],[[[-41.02701,-21.62319],[-41.02971,-21.62133],[-41.02721,-21.62159],[-41.02701,-21.62319]]],[[[-41.02478,-21.62298],[-41.02848,-21.62068],[-41.022,-21.62106],[-41.02478,-21.62298]]],[[[-41.01686,-21.62106],[-41.01569,-21.62087],[-41.01652,-21.62148],[-41.01686,-21.62106]]],[[[-41.01754,-21.62061],[-41.01726,-21.61972],[-41.01604,-21.62038],[-41.01754,-21.62061]]],[[[-41.02032,-21.6203],[-41.01768,-21.61955],[-41.01892,-21.62047],[-41.02032,-21.6203]]],[[[-41.01691,-21.61939],[-41.01548,-21.61887],[-41.01583,-21.62007],[-41.01691,-21.61939]]],[[[-41.01618,-21.61245],[-41.01378,-21.61496],[-41.01458,-21.61877],[-41.01618,-21.61245]]],[[[-41.04643,-21.61555],[-41.04839,-21.5896],[-41.01779,-21.61397],[-41.04643,-21.61555]]],[[[-41.04803,-21.58271],[-41.04763,-21.58362],[-41.0485,-21.58341],[-41.04803,-21.58271]]],[[[-41.03643,-21.46376],[-41.03609,-21.46378],[-41.03639,-21.46405],[-41.03643,-21.46376]]],[[[-41.03638,-21.463],[-41.03598,-21.46266],[-41.03563,-21.46347],[-41.03638,-21.463]]]]}},{"type":"Feature","properties":{"codigo":"41","sigla":"PR","nome":"Paraná","regiao":"Sul","area_km2":199293.571},"geometry":{"type":"MultiPolygon","coordinates":[[[[-48.40854,-25.84119],[-48.40708,-25.84228],[-48.40938,-25.84139],[-48.40854,-25.84119]]],[[[-48.36477,-25.7375],[-48.36699,-25.73619],[-48.36382,-25.73534],[-48.36477,-25.7375]]],[[[-48.37266,-25.73338],[-48.37139,-25.73337],[-48.37219,-25.73435],[-48.37266,-25.73338]]],[[[-53.7406,-26.11778],[-53.72668,-26.06463],[-53.83682,-25.96986],[-53.86249,-25.65861],[-54.02875,-25.56653],[-54.11954,-25.58351],[-54.11573,-25.49854],[-54.17643,-25.58443],[-54.28832,-25.55441],[-54.44529,-25.66568],[-54.59352,-25.59225],[-54.61909,-25.4507],[-54.42489,-25.15327],[-54.46309,-25.05499],[-54.38993,-24.77728],[-54.33434,-24.7011],[-54.32651,-24.46517],[-54.26277,-24.37813],[-54.34558,-24.15705],[-54.28623,-24.06823],[-54.10176,-23.95196],[-53.98738,-23.46661],[-53.77596,-23.37534],[-53.63659,-23.12503],[-53.63412,-22.9985],[-53.54683,-22.8901],[-53.32909,-22.76521],[-53.18537,-22.71873],[-53.10519,-22.62193],[-53.08779,-22.65844],[-52.97242,-22.57048],[-52.69711,-22.62701],[-52.58934,-22.5661],[-52.49882,-22.63423],[-52.43305,-22.60717],[-52.22258,-22.67554],[-52.15668,-22.64472],[-52.1276,-22.51992],[-51.94051,-22.56734],[-51.87366,-22.62822],[-51.77162,-22.61413],[-51.72587,-22.66146],[-51.55957,-22.69718],[-51.4531,-22.65575],[-51.2652,-22.6677],[-51.12792,-22.75999],[-50.89533,-22.7943],[-50.79782,-22.88855],[-50.80615,-22.9403],[-50.71308,-22.95599],[-50.66355,-22.89567],[-50.51102,-22.94464],[-50.37907,-22.90541],[-50.34019,-22.94807],[-50.18508,-22.954],[-50.05274,-22.90527],[-49.96138,-22.93086],[-49.9116,-23.05112],[-49.72555,-23.10944],[-49.59541,-23.36709],[-49.62422,-23.5233],[-49.61608,-23.64055],[-49.5492,-23.70402],[-49.56007,-23.81193],[-49.60762,-23.84062],[-49.52234,-23.91656],[-49.48715,-24.0246],[-49.33657,-24.13758],[-49.35068,-24.2208],[-49.28112,-24.30966],[-49.20068,-24.34441],[-49.24692,-24.4691],[-49.31599,-24.55551],[-49.31202,-24.66353],[-49.05421,-24.68238],[-48.82284,-24.6553],[-48.77865,-24.69673],[-48.60117,-24.6691],[-48.5115,-24.74057],[-48.55575,-24.8062],[-48.56737,-24.97227],[-48.60083,-25.01051],[-48.52858,-25.10079],[-48.41187,-24.9804],[-48.32414,-25.03675],[-48.24932,-24.97871],[-48.1585,-25.14991],[-48.19336,-25.18987],[-48.113,-25.25087],[-48.02354,-25.23093],[-48.09743,-25.31024],[-48.31993,-25.58656],[-48.42497,-25.63456],[-48.53179,-25.81391],[-48.59532,-25.97677],[-48.9627,-25.98051],[-49.02016,-26.01575],[-49.17376,-26.00014],[-49.37177,-26.15486],[-49.49121,-26.21445],[-49.64977,-26.20929],[-49.86457,-26.03579],[-50.01094,-26.01333],[-50.14016,-26.02658],[-50.17824,-26.07872],[-50.24748,-26.03043],[-50.37169,-26.07919],[-50.57023,-26.00195],[-50.65018,-26.1325],[-50.76266,-26.22204],[-50.94356,-26.24384],[-51.07887,-26.22743],[-51.10181,-26.27267],[-51.24795,-26.32987],[-51.30039,-26.41769],[-51.22518,-26.54858],[-51.23614,-26.62467],[-51.43535,-26.68818],[-51.51091,-26.58106],[-51.65845,-26.56541],[-51.87792,-26.59758],[-52.00877,-26.56656],[-52.18634,-26.44512],[-52.22981,-26.46704],[-52.52423,-26.39918],[-52.59583,-26.41606],[-52.68019,-26.35273],[-52.99349,-26.34768],[-53.09323,-26.39202],[-53.37607,-26.24161],[-53.49583,-26.3028],[-53.63895,-26.25079],[-53.7406,-26.11778]]],[[[-48.0961,-25.30887],[-48.09704,-25.31024],[-48.09743,-25.31024],[-48.0961,-25.30887]]]]}},{"type":"Feature","properties":{"codigo":"42","sigla":"SC","nome":"Santa Catarina","regiao":"Sul","area_km2":95736.1},"geometry":{"type":"MultiPolygon","coordinates":[[[[-49.96502,-29.19944],[-50.11432,-29.25762],[-50.13781,-29.19374],[-50.01632,-29.18278],[-49.96828,-29.11478],[-49.93366,-28.96582],[-49.96133,-28.77218],[-49.83406,-28.69329],[-49.78256,-28.6098],[-49.69139,-28.62137],[-49.72687,-28.51893],[-49.85422,-28.44466],[-49.97077,-28.44021],[-50.10266,-28.48409],[-50.1294,-28.44102],[-50.22265,-28.46327],[-50.35098,-28.42485],[-50.61388,-28.39361],[-50.6966,-28.26784],[-50.85899,-28.13971],[-50.92397,-27.97165],[-51.05597,-27.90367],[-51.13461,-27.80366],[-51.27461,-27.74848],[-51.38129,-27.6255],[-51.41915,-27.65464],[-51.48334,-27.56323],[-51.58737,-27.56318],[-51.69965,-27.47906],[-51.7857,-27.52822],[-51.89479,-27.51702],[-51.90049,-27.46406],[-52.00847,-27.40207],[-51.95209,-27.38025],[-52.16129,-27.31429],[-52.29977,-27.31908],[-52.55289,-27.23928],[-52.61789,-27.26571],[-52.85998,-27.17043],[-52.99998,-27.2067],[-53.02033,-27.10455],[-53.07124,-27.15697],[-53.23209,-27.17111],[-53.32258,-27.2115],[-53.29294,-27.14081],[-53.38104,-27.09411],[-53.45537,-27.15689],[-53.50313,-27.13476],[-53.65099,-27.21006],[-53.67505,-27.16068],[-53.82964,-27.17263],[-53.8371,-27.16843],[-53.7768,-27.10345],[-53.73724,-26.97382],[-53.67368,-26.91346],[-53.72919,-26.77414],[-53.73007,-26.50182],[-53.63895,-26.25079],[-53.49583,-26.3028],[-53.37607,-26.24161],[-53.09323,-26.39202],[-52.99349,-26.34768],[-52.68019,-26.35273],[-52.59583,-26.41606],[-52.52423,-26.39918],[-52.22981,-26.46704],[-52.18634,-26.44512],[-52.00877,-26.56656],[-51.87792,-26.59758],[-51.65845,-26.56541],[-51.51091,-26.58106],[-51.43535,-26.68818],[-51.23614,-26.62467],[-51.22518,-26.54858],[-51.30039,-26.41769],[-51.24795,-26.32987],[-51.10181,-26.27267],[-51.07887,-26.22743],[-50.94356,-26.24384],[-50.76266,-26.22204],[-50.65018,-26.1325],[-50.57023,-26.00195],[-50.37169,-26.07919],[-50.24748,-26.03043],[-50.17824,-26.07872],[-50.14016,-26.02658],[-50.01094,-26.01333],[-49.86457,-26.03579],[-49.64977,-26.20929],[-49.49121,-26.21445],[-49.37177,-26.15486],[-49.17376,-26.00014],[-49.02016,-26.01575],[-48.9627,-25.98051],[-48.59532,-25.97677],[-48.61014,-26.06558],[-48.50344,-26.23632],[-48.59013,-26.40227],[-48.6881,-26.67117],[-48.67383,-26.75868],[-48.62025,-26.78935],[-48.64172,-26.91878],[-48.63379,-26.98367],[-48.56918,-27.00884],[-48.6008,-27.12783],[-48.564,-27.15572],[-48.48769,-27.14851],[-48.60829,-27.22142],[-48.59348,-27.31596],[-48.54323,-27.29803],[-48.52627,-27.40826],[-48.4172,-27.38056],[-48.3706,-27.44984],[-48.54253,-27.82751],[-48.62498,-27.95366],[-48.62843,-28.07874],[-48.74651,-28.50508],[-48.81306,-28.58505],[-49.15683,-28.78218],[-49.38347,-28.96206],[-49.5907,-29.17569],[-49.71294,-29.32558],[-49.96502,-29.19944]]],[[[-48.8211,-28.61047],[-48.82125,-28.61102],[-48.82185,-28.61036],[-48.8211,-28.61047]]],[[[-48.75665,-28.54106],[-48.75632,-28.54073],[-48.75609,-28.54125],[-48.75665,-28.54106]]],[[[-48.76023,-28.53914],[-48.75834,-28.53897],[-48.75861,-28.54047],[-48.76023,-28.53914]]],[[[-48.70876,-28.44865],[-48.71042,-28.44668],[-48.70696,-28.44686],[-48.70876,-28.44865]]],[[[-48.64963,-28.32202],[-48.64644,-28.31819],[-48.6499,-28.3255],[-48.64963,-28.32202]]],[[[-48.65487,-28.24701],[-48.65284,-28.24809],[-48.65493,-28.24925],[-48.65487,-28.24701]]],[[[-48.65144,-28.24028],[-48.65034,-28.24232],[-48.65273,-28.2411],[-48.65144,-28.24028]]],[[[-48.65675,-28.18943],[-48.65614,-28.18869],[-48.65643,-28.1895],[-48.65675,-28.18943]]],[[[-48.64383,-28.15205],[-48.64088,-28.15132],[-48.64145,-28.15454],[-48.64383,-28.15205]]],[[[-48.62794,-28.10254],[-48.62833,-28.10276],[-48.6279,-28.10206],[-48.62794,-28.10254]]],[[[-48.62601,-28.1022],[-48.62573,-28.10224],[-48.62592,-28.10243],[-48.62601,-28.1022]]],[[[-48.62671,-28.10148],[-48.6263,-28.10201],[-48.62719,-28.10246],[-48.62671,-28.10148]]],[[[-48.6298,-28.0897],[-48.63022,-28.08963],[-48.62965,-28.08941],[-48.6298,-28.0897]]],[[[-48.63015,-28.08869],[-48.62957,-28.08821],[-48.62938,-28.08888],[-48.63015,-28.08869]]],[[[-48.61846,-27.98782],[-48.61715,-27.98611],[-48.61724,-27.9882],[-48.61846,-27.98782]]],[[[-48.62452,-26.98667],[-48.62255,-26.98592],[-48.62342,-26.9869],[-48.62452,-26.98667]]],[[[-48.63602,-26.91284],[-48.63915,-26.91289],[-48.63981,-26.91129],[-48.63602,-26.91284]]],[[[-48.62148,-26.83176],[-48.62221,-26.83219],[-48.62324,-26.8314],[-48.62148,-26.83176]]],[[[-48.63414,-26.74516],[-48.63902,-26.74552],[-48.63679,-26.74307],[-48.63414,-26.74516]]],[[[-48.61829,-26.70909],[-48.61784,-26.7103],[-48.61852,-26.71021],[-48.61829,-26.70909]]],[[[-48.67663,-26.695],[-48.67509,-26.69386],[-48.67495,-26.69573],[-48.67663,-26.695]]],[[[-48.6727,-26.63254],[-48.67025,-26.63328],[-48.67068,-26.63557],[-48.6727,-26.63254]]],[[[-48.60194,-28.35205],[-48.6019,-28.3523],[-48.60218,-28.35254],[-48.60194,-28.35205]]],[[[-48.60139,-28.35182],[-48.60072,-28.35143],[-48.60096,-28.3523],[-48.60139,-28.35182]]],[[[-48.60166,-28.35196],[-48.60185,-28.35168],[-48.6016,-28.35157],[-48.60166,-28.35196]]],[[[-48.59962,-28.0353],[-48.59988,-28.03567],[-48.60007,-28.03544],[-48.59962,-28.0353]]],[[[-48.54564,-27.9348],[-48.54244,-27.93222],[-48.54263,-27.94143],[-48.54564,-27.9348]]],[[[-48.51892,-27.83371],[-48.52667,-27.84499],[-48.52742,-27.8368],[-48.51892,-27.83371]]],[[[-48.50164,-27.8401],[-48.5086,-27.8382],[-48.50158,-27.83458],[-48.50164,-27.8401]]],[[[-48.51804,-27.83465],[-48.51737,-27.83466],[-48.51797,-27.8351],[-48.51804,-27.83465]]],[[[-48.53028,-27.832],[-48.52791,-27.82915],[-48.52767,-27.8333],[-48.53028,-27.832]]],[[[-48.52692,-27.33041],[-48.52522,-27.32914],[-48.52603,-27.33048],[-48.52692,-27.33041]]],[[[-48.52452,-27.32777],[-48.52463,-27.32913],[-48.5256,-27.32833],[-48.52452,-27.32777]]],[[[-48.5302,-27.30785],[-48.53257,-27.30426],[-48.52835,-27.30497],[-48.5302,-27.30785]]],[[[-48.54072,-27.14168],[-48.5485,-27.1422],[-48.54116,-27.1357],[-48.54072,-27.14168]]],[[[-48.57898,-26.99248],[-48.57857,-26.99248],[-48.57868,-26.99283],[-48.57898,-26.99248]]],[[[-48.57986,-26.9923],[-48.57924,-26.99214],[-48.57983,-26.9926],[-48.57986,-26.9923]]],[[[-48.56151,-26.51465],[-48.56231,-26.51464],[-48.56168,-26.51332],[-48.56151,-26.51465]]],[[[-48.58467,-26.49801],[-48.5835,-26.49705],[-48.58347,-26.49836],[-48.58467,-26.49801]]],[[[-48.58203,-26.46788],[-48.58121,-26.46632],[-48.5791,-26.46816],[-48.58203,-26.46788]]],[[[-48.57058,-26.46027],[-48.56692,-26.45811],[-48.56653,-26.46127],[-48.57058,-26.46027]]],[[[-48.57717,-26.46009],[-48.58317,-26.46017],[-48.57865,-26.45443],[-48.57717,-26.46009]]],[[[-48.52542,-26.38749],[-48.52514,-26.38498],[-48.52418,-26.38625],[-48.52542,-26.38749]]],[[[-48.52491,-26.38117],[-48.52291,-26.38105],[-48.52476,-26.38375],[-48.52491,-26.38117]]],[[[-48.52245,-26.3743],[-48.52292,-26.37212],[-48.52038,-26.37035],[-48.52245,-26.3743]]],[[[-48.52193,-26.36991],[-48.52276,-26.36778],[-48.52122,-26.36857],[-48.52193,-26.36991]]],[[[-48.49052,-26.20307],[-48.4932,-26.20278],[-48.49124,-26.20157],[-48.49052,-26.20307]]],[[[-48.487,-26.18484],[-48.48746,-26.18516],[-48.4874,-26.18474],[-48.487,-26.18484]]],[[[-48.48902,-26.18085],[-48.48703,-26.18004],[-48.48699,-26.18199],[-48.48902,-26.18085]]],[[[-48.48718,-26.17945],[-48.48738,-26.17929],[-48.48704,-26.17915],[-48.48718,-26.17945]]],[[[-48.59179,-25.97653],[-48.58977,-25.97592],[-48.59122,-25.97749],[-48.59179,-25.97653]]],[[[-48.44453,-27.85305],[-48.44396,-27.85293],[-48.44465,-27.85375],[-48.44453,-27.85305]]],[[[-48.42874,-27.84546],[-48.43476,-27.8484],[-48.43107,-27.84388],[-48.42874,-27.84546]]],[[[-48.43037,-27.84177],[-48.42853,-27.8418],[-48.43034,-27.84294],[-48.43037,-27.84177]]],[[[-48.43161,-27.8402],[-48.43066,-27.83968],[-48.43104,-27.84085],[-48.43161,-27.8402]]],[[[-48.43118,-27.83906],[-48.43109,-27.83925],[-48.43134,-27.83931],[-48.43118,-27.83906]]],[[[-48.46116,-27.69242],[-48.46674,-27.70375],[-48.46691,-27.69262],[-48.46116,-27.69242]]],[[[-48.38988,-27.61024],[-48.38935,-27.61045],[-48.3898,-27.61097],[-48.38988,-27.61024]]],[[[-48.39146,-27.61023],[-48.39185,-27.61084],[-48.39217,-27.61037],[-48.39146,-27.61023]]],[[[-48.38458,-27.61055],[-48.38792,-27.61167],[-48.38477,-27.60738],[-48.38458,-27.61055]]],[[[-48.36561,-27.49008],[-48.36386,-27.48666],[-48.36074,-27.48779],[-48.36561,-27.49008]]],[[[-48.35974,-27.48817],[-48.35542,-27.48388],[-48.35663,-27.48898],[-48.35974,-27.48817]]],[[[-48.34872,-27.44135],[-48.34746,-27.4417],[-48.34803,-27.44399],[-48.34872,-27.44135]]],[[[-48.34889,-27.43999],[-48.34914,-27.43951],[-48.34876,-27.43953],[-48.34889,-27.43999]]],[[[-48.3498,-27.43913],[-48.34959,-27.43888],[-48.34951,-27.43921],[-48.3498,-27.43913]]],[[[-48.36608,-27.42623],[-48.36785,-27.42491],[-48.36695,-27.42298],[-48.36608,-27.42623]]],[[[-48.35609,-27.4185],[-48.35577,-27.41879],[-48.35634,-27.41916],[-48.35609,-27.4185]]],[[[-48.35515,-27.41862],[-48.35499,-27.41793],[-48.35447,-27.41851],[-48.35515,-27.41862]]],[[[-48.3585,-27.29268],[-48.3771,-27.28346],[-48.35923,-27.27422],[-48.3585,-27.29268]]],[[[-48.33028,-27.27399],[-48.33399,-27.27521],[-48.32954,-27.26853],[-48.33028,-27.27399]]],[[[-48.4683,-27.21073],[-48.47374,-27.20509],[-48.46329,-27.20351],[-48.4683,-27.21073]]],[[[-48.41058,-27.18802],[-48.4093,-27.18034],[-48.4022,-27.18165],[-48.41058,-27.18802]]],[[[-48.3984,-27.17871],[-48.39737,-27.1813],[-48.40023,-27.18025],[-48.3984,-27.17871]]],[[[-48.48396,-26.18272],[-48.48619,-26.17709],[-48.48191,-26.17503],[-48.48396,-26.18272]]],[[[-48.47583,-26.16724],[-48.47611,-26.16686],[-48.47563,-26.16709],[-48.47583,-26.16724]]],[[[-48.48235,-26.16666],[-48.48225,-26.165],[-48.48075,-26.16608],[-48.48235,-26.16666]]],[[[-48.48542,-26.1656],[-48.48606,-26.16419],[-48.4835,-26.16395],[-48.48542,-26.1656]]],[[[-48.47805,-26.16325],[-48.47814,-26.16379],[-48.47827,-26.16352],[-48.47805,-26.16325]]]]}},{"type":"Feature","properties":{"codigo":"31","sigla":"MG","nome":"Minas Gerais","regiao":"Sudeste","area_km2":586514.008},"geometry":{"type":"Polygon","coordinates":[[[-50.99947,-19.90638],[-51.04608,-19.73558],[-50.99047,-19.6054],[-50.93056,-19.59028],[-50.935,-19.46748],[-50.84939,-19.49814],[-50.87536,-19.42284],[-50.81707,-19.28932],[-50.67769,-19.13981],[-50.58653,-19.13949],[-50.49508,-19.01287],[-50.50568,-18.9322],[-50.44344,-18.89412],[-50.31449,-18.70075],[-50.08004,-18.67224],[-50.02006,-18.59936],[-49.78368,-18.64134],[-49.64201,-18.55524],[-49.48545,-18.5518],[-49.40571,-18.6451],[-49.29463,-18.56559],[-49.12631,-18.38431],[-49.07905,-18.41667],[-48.93677,-18.30621],[-48.78717,-18.3532],[-48.60235,-18.33482],[-48.48641,-18.37491],[-48.31807,-18.3671],[-48.27501,-18.32911],[-48.06272,-18.41395],[-47.9622,-18.49607],[-47.77902,-18.42414],[-47.6102,-18.31387],[-47.63777,-18.28908],[-47.54015,-18.19352],[-47.28344,-18.05775],[-47.37121,-17.83135],[-47.2648,-17.61139],[-47.32541,-17.5238],[-47.46689,-17.53402],[-47.53961,-17.38804],[-47.44054,-17.34648],[-47.43446,-17.27622],[-47.35199,-17.1665],[-47.1821,-17.06395],[-47.12741,-16.97865],[-47.20842,-16.87475],[-47.22266,-16.72574],[-47.29552,-16.62583],[-47.41267,-16.57438],[-47.45437,-16.46461],[-47.32198,-16.23143],[-47.35047,-16.12971],[-47.3085,-16.04997],[-47.31001,-16.03627],[-47.21766,-16.01396],[-47.15152,-15.93448],[-47.05293,-15.93647],[-46.8069,-15.87925],[-46.85488,-15.6183],[-46.94612,-15.56333],[-46.93047,-15.44309],[-46.8359,-15.32654],[-46.92766,-15.2551],[-46.88832,-15.11254],[-46.92506,-15.05751],[-46.8569,-15.01027],[-46.62544,-15.08951],[-46.5026,-15.05225],[-46.54654,-14.92544],[-46.52156,-14.85118],[-46.56384,-14.78338],[-46.50111,-14.70303],[-46.3222,-14.81458],[-46.31934,-14.90044],[-46.17678,-14.94944],[-46.08814,-14.93639],[-46.03938,-14.87525],[-45.96608,-14.96565],[-46.04778,-15.16373],[-46.11651,-15.20482],[-46.07708,-15.26468],[-45.97173,-15.15388],[-45.87216,-15.1588],[-45.72163,-15.11223],[-45.56757,-14.94583],[-45.4103,-14.92344],[-45.20557,-14.74474],[-45.09585,-14.753],[-45.04032,-14.68048],[-44.87696,-14.59918],[-44.83324,-14.49983],[-44.74949,-14.47178],[-44.5572,-14.33704],[-44.4286,-14.28664],[-44.21806,-14.24498],[-44.13232,-14.28206],[-44.00615,-14.26736],[-43.78402,-14.33718],[-43.87483,-14.52455],[-43.88354,-14.65255],[-43.615,-14.75989],[-43.53139,-14.8153],[-43.46127,-14.74623],[-43.31123,-14.66975],[-43.17495,-14.65105],[-42.93888,-14.70803],[-42.89041,-14.76683],[-42.62071,-14.9437],[-42.4436,-15.02065],[-42.44294,-15.06132],[-42.26199,-15.12442],[-42.17332,-15.08595],[-42.08471,-15.18653],[-41.95343,-15.17566],[-41.80071,-15.1011],[-41.35642,-15.50029],[-41.33121,-15.74467],[-41.2154,-15.73717],[-41.14253,-15.77205],[-41.00606,-15.71384],[-40.96313,-15.6484],[-40.90257,-15.69184],[-40.81903,-15.64634],[-40.76766,-15.71408],[-40.70058,-15.66731],[-40.5649,-15.80155],[-40.46143,-15.75323],[-40.42503,-15.80571],[-40.23111,-15.80385],[-40.15646,-15.89954],[-40.07013,-15.90981],[-40.06654,-15.95919],[-39.93569,-16.02375],[-39.85683,-16.11382],[-40.08398,-16.46393],[-40.16292,-16.52449],[-40.1579,-16.57945],[-40.27549,-16.57342],[-40.33584,-16.77971],[-40.26913,-16.79576],[-40.28164,-16.90118],[-40.36488,-16.87462],[-40.49233,-16.8874],[-40.57167,-17.06588],[-40.54775,-17.28371],[-40.59938,-17.39182],[-40.483,-17.48851],[-40.41447,-17.6101],[-40.3467,-17.612],[-40.27268,-17.72737],[-40.21384,-17.75244],[-40.17413,-17.85156],[-40.26355,-17.92202],[-40.22235,-17.98042],[-40.34552,-17.92378],[-40.46274,-17.92821],[-40.52704,-17.89194],[-40.70368,-18.02373],[-40.83055,-17.95418],[-40.90282,-17.98771],[-40.7733,-18.10756],[-40.7715,-18.15594],[-40.89171,-18.10893],[-40.98839,-18.1698],[-41.05193,-18.16511],[-41.15892,-18.30824],[-41.17308,-18.4428],[-41.02303,-18.45726],[-41.05089,-18.63415],[-40.9415,-18.68929],[-40.91677,-18.81554],[-41.11051,-18.83894],[-41.23254,-18.79728],[-41.23936,-18.85865],[-41.16636,-18.85823],[-41.03222,-18.99085],[-41.05385,-19.06886],[-40.94355,-19.14484],[-40.90769,-19.30881],[-40.97224,-19.50529],[-41.04669,-19.4874],[-41.03686,-19.57046],[-41.16847,-19.67222],[-41.18613,-19.89132],[-41.30086,-19.93653],[-41.30911,-20.01637],[-41.41114,-20.20737],[-41.75675,-20.20687],[-41.78214,-20.29448],[-41.85325,-20.35058],[-41.80368,-20.42198],[-41.8043,-20.5384],[-41.8564,-20.61719],[-41.8073,-20.64369],[-41.87474,-20.76593],[-41.92874,-20.79433],[-41.97593,-20.93555],[-42.09379,-20.93563],[-42.15095,-20.97403],[-42.08481,-21.02299],[-42.20833,-21.17902],[-42.18972,-21.25051],[-42.29212,-21.45924],[-42.25462,-21.48698],[-42.36868,-21.61842],[-42.26943,-21.71698],[-42.35773,-21.74105],[-42.88143,-21.95927],[-43.07556,-22.09319],[-43.14226,-22.10445],[-43.12835,-22.02973],[-43.24656,-22.00657],[-43.36783,-22.01981],[-43.46452,-22.07276],[-43.5853,-22.05159],[-43.73145,-22.09622],[-43.7644,-22.06317],[-44.0047,-22.16273],[-44.09931,-22.1732],[-44.25993,-22.26808],[-44.45711,-22.25759],[-44.54398,-22.33233],[-44.66293,-22.37995],[-44.72964,-22.36075],[-44.80944,-22.40557],[-44.96586,-22.47519],[-45.15032,-22.50736],[-45.27587,-22.61696],[-45.41052,-22.65167],[-45.4888,-22.62879],[-45.68108,-22.63634],[-45.73669,-22.61015],[-45.81993,-22.72272],[-45.73256,-22.722],[-45.76696,-22.84081],[-45.88852,-22.87601],[-45.91325,-22.81697],[-46.00761,-22.88929],[-46.13909,-22.92276],[-46.14503,-22.85719],[-46.34522,-22.90468],[-46.3755,-22.87101],[-46.33257,-22.76612],[-46.45272,-22.72758],[-46.48064,-22.67832],[-46.39306,-22.66297],[-46.45332,-22.5225],[-46.55481,-22.44665],[-46.66652,-22.41511],[-46.72326,-22.30662],[-46.6743,-22.1763],[-46.59853,-22.13639],[-46.68539,-22.03742],[-46.61326,-22.01496],[-46.69097,-21.83696],[-46.62603,-21.76623],[-46.62159,-21.67554],[-46.51823,-21.61282],[-46.51905,-21.44895],[-46.61526,-21.44147],[-46.66672,-21.36129],[-46.70748,-21.40461],[-46.81731,-21.36644],[-46.90831,-21.42118],[-47.01151,-21.42227],[-47.06471,-21.20709],[-47.13304,-21.13322],[-47.14374,-20.98239],[-47.24004,-20.88528],[-47.16476,-20.70146],[-47.09746,-20.64388],[-47.15452,-20.51955],[-47.29277,-20.44773],[-47.29821,-20.34844],[-47.23107,-20.21915],[-47.26178,-20.15992],[-47.40813,-20.0802],[-47.46332,-19.96579],[-47.58382,-19.99666],[-47.63966,-20.04722],[-47.71269,-19.97815],[-47.85975,-19.99294],[-47.87508,-20.09837],[-47.93152,-20.11043],[-47.97597,-20.03537],[-48.02016,-20.12403],[-48.10549,-20.14636],[-48.20777,-20.03937],[-48.21864,-20.12788],[-48.40578,-20.11351],[-48.59325,-20.13581],[-48.63771,-20.16535],[-48.82213,-20.16155],[-48.88708,-20.27528],[-48.86704,-20.39835],[-48.96303,-20.40312],[-48.98605,-20.17077],[-49.06748,-20.15474],[-49.12241,-20.27354],[-49.22529,-20.30534],[-49.29925,-20.16708],[-49.29754,-19.96055],[-49.45381,-19.97806],[-49.55149,-19.90584],[-49.63441,-19.93193],[-49.88834,-19.9453],[-50.04724,-19.91539],[-50.09724,-19.87548],[-50.35276,-19.8646],[-50.46932,-19.77989],[-50.57795,-19.81637],[-50.6581,-19.90715],[-50.7836,-19.93723],[-50.96913,-20.03645],[-51.00047,-20.08538],[-50.99947,-19.90638]]]}},{"type":"Feature","properties":{"codigo":"23","sigla":"CE","nome":"Ceará","regiao":"Nordeste","area_km2":148894.44},"geometry":{"type":"Polygon","coordinates":[[[-40.48974,-7.11869],[-40.42772,-7.03388],[-40.43217,-6.81298],[-40.47693,-6.73283],[-40.71018,-6.67613],[-40.78767,-6.52378],[-40.80515,-6.39313],[-40.77915,-6.34135],[-40.85222,-6.22422],[-40.84595,-6.13836],[-40.90755,-6.04466],[-40.87359,-5.97305],[-40.91395,-5.72497],[-40.90227,-5.60796],[-40.9438,-5.42359],[-40.91171,-5.26665],[-40.92899,-5.17167],[-41.08013,-5.09109],[-41.24957,-4.86969],[-41.20808,-4.78028],[-41.25034,-4.75663],[-41.17501,-4.66534],[-41.23344,-4.61019],[-41.15802,-4.37868],[-41.12017,-4.33057],[-41.1359,-4.23351],[-41.09089,-4.17033],[-41.14211,-4.12565],[-41.11317,-4.04979],[-41.25673,-4.03484],[-41.22024,-3.94151],[-41.30081,-3.8263],[-41.25543,-3.70326],[-41.34175,-3.68077],[-41.36466,-3.558],[-41.31974,-3.48409],[-41.32405,-3.38592],[-41.4216,-3.37054],[-41.24813,-3.02589],[-41.32268,-2.92132],[-41.27116,-2.88719],[-41.06908,-2.89521],[-40.76038,-2.84881],[-40.60314,-2.84829],[-40.49796,-2.78432],[-40.43917,-2.80925],[-40.18533,-2.81168],[-39.9656,-2.85135],[-39.73254,-2.99054],[-39.61983,-3.02598],[-39.38182,-3.18358],[-39.22773,-3.24081],[-39.1564,-3.33532],[-39.04875,-3.41257],[-38.97377,-3.41108],[-38.91794,-3.49429],[-38.81226,-3.54213],[-38.6524,-3.68216],[-38.49585,-3.72503],[-38.46384,-3.70724],[-38.36032,-3.88486],[-38.27286,-3.94468],[-38.11489,-4.14914],[-37.85417,-4.3795],[-37.77054,-4.4011],[-37.73242,-4.48849],[-37.60311,-4.6173],[-37.32591,-4.70027],[-37.25266,-4.83139],[-37.64034,-4.9264],[-37.67762,-5.05409],[-37.72509,-5.07062],[-37.78997,-5.2145],[-37.78311,-5.29482],[-37.84747,-5.34002],[-37.90225,-5.50066],[-37.99004,-5.5558],[-38.08199,-5.67012],[-38.04701,-5.73026],[-38.12252,-5.88174],[-38.3065,-6.08703],[-38.38184,-6.05347],[-38.44732,-6.08528],[-38.51971,-6.22304],[-38.57955,-6.27963],[-38.56251,-6.35565],[-38.51886,-6.40573],[-38.61229,-6.51319],[-38.67373,-6.70799],[-38.61692,-6.7933],[-38.75628,-6.90359],[-38.76511,-6.99323],[-38.65641,-7.09243],[-38.68783,-7.19016],[-38.6248,-7.19132],[-38.53459,-7.29379],[-38.60333,-7.45759],[-38.64492,-7.46002],[-38.65533,-7.56554],[-38.71511,-7.62192],[-38.81969,-7.66483],[-38.82811,-7.71961],[-38.93958,-7.75877],[-38.96286,-7.84482],[-39.01183,-7.81421],[-39.09299,-7.85756],[-39.10635,-7.76023],[-39.20834,-7.68948],[-39.25256,-7.70493],[-39.3761,-7.61177],[-39.47346,-7.57286],[-39.46075,-7.47122],[-39.55283,-7.48066],[-39.57159,-7.42983],[-39.74132,-7.32682],[-39.8577,-7.32543],[-40.00071,-7.37448],[-40.12775,-7.38191],[-40.263,-7.30102],[-40.43359,-7.36718],[-40.52372,-7.31845],[-40.48974,-7.11869]]]}},{"type":"Feature","properties":{"codigo":"52","sigla":"GO","nome":"Goiás","regiao":"Centro-oeste","area_km2":340242.859},"geometry":{"type":"Polygon","coordinates":[[[-51.08853,-19.30773],[-51.42007,-19.16621],[-51.60898,-19.14104],[-51.85222,-19.05249],[-51.94074,-18.96823],[-52.07936,-18.95109],[-52.18309,-18.84764],[-52.33382,-18.82906],[-52.44803,-18.69197],[-52.5524,-18.65708],[-52.59007,-18.68771],[-52.7481,-18.69206],[-52.91676,-18.64029],[-52.96493,-18.55003],[-52.8764,-18.43092],[-52.75887,-18.36314],[-52.81426,-18.3113],[-52.96527,-18.29894],[-53.02307,-18.34946],[-53.09966,-18.31362],[-53.14315,-18.08408],[-53.07228,-18.03398],[-53.16404,-17.76571],[-53.24764,-17.64779],[-53.21727,-17.29681],[-53.11152,-17.10856],[-53.0592,-17.07684],[-53.03901,-16.91212],[-52.88506,-16.77703],[-52.82937,-16.77014],[-52.71526,-16.637],[-52.74067,-16.605],[-52.63582,-16.55199],[-52.60608,-16.48602],[-52.69272,-16.36642],[-52.68214,-16.30149],[-52.54527,-16.22261],[-52.54917,-16.165],[-52.3285,-16.0704],[-52.25414,-15.89327],[-52.00953,-15.88581],[-51.94845,-15.8101],[-51.88267,-15.82849],[-51.76786,-15.65359],[-51.78068,-15.54642],[-51.6994,-15.48791],[-51.69147,-15.32491],[-51.64743,-15.17346],[-51.53411,-15.0652],[-51.30705,-14.98097],[-51.27591,-15.04376],[-51.08711,-14.92135],[-51.08964,-14.84018],[-50.96423,-14.5283],[-50.99787,-14.41381],[-50.97695,-14.29354],[-50.91003,-14.14842],[-50.83127,-14.08283],[-50.86579,-13.95984],[-50.84023,-13.92368],[-50.8739,-13.73448],[-50.80877,-13.69735],[-50.759,-13.52032],[-50.66395,-13.43496],[-50.60928,-13.31878],[-50.57085,-13.0342],[-50.5255,-12.97602],[-50.51098,-12.8609],[-50.43419,-12.64942],[-50.30546,-12.49237],[-50.14877,-12.39613],[-50.21515,-12.48199],[-50.31078,-12.79161],[-50.29291,-12.83399],[-50.14665,-12.90324],[-49.90923,-12.97487],[-49.36832,-13.2723],[-49.33939,-13.25337],[-49.33848,-13.06754],[-49.22886,-12.87729],[-49.11768,-12.79008],[-49.07928,-12.90389],[-48.97623,-12.95789],[-48.87031,-12.80326],[-48.73513,-12.92107],[-48.7325,-12.98392],[-48.64467,-13.01098],[-48.57592,-13.12416],[-48.59986,-13.28799],[-48.55398,-13.30335],[-48.55366,-13.20328],[-48.47248,-13.14056],[-48.45889,-13.28043],[-48.38535,-13.2661],[-48.23227,-13.1697],[-48.15341,-13.16199],[-48.1431,-13.30616],[-48.0745,-13.23901],[-47.96685,-13.31501],[-47.79823,-13.32898],[-47.67975,-13.46817],[-47.62235,-13.36872],[-47.66509,-13.21843],[-47.61712,-13.10362],[-47.56497,-13.18033],[-47.47745,-13.18719],[-47.43259,-13.28863],[-47.37972,-13.2306],[-47.28143,-13.2647],[-47.25238,-13.21261],[-47.00754,-13.13785],[-46.75061,-12.96915],[-46.45465,-12.97115],[-46.41798,-12.82244],[-46.37392,-12.85145],[-46.3644,-12.99074],[-46.19819,-12.95735],[-46.11297,-12.91801],[-46.12466,-12.95982],[-46.27553,-13.02021],[-46.32768,-13.25292],[-46.29249,-13.31693],[-46.10322,-13.25751],[-46.06828,-13.29544],[-46.13547,-13.37552],[-46.24853,-13.43601],[-46.21016,-13.46189],[-46.24745,-13.57866],[-46.16275,-13.60364],[-46.2562,-13.68416],[-46.22294,-13.7654],[-46.2775,-13.79088],[-46.23247,-13.84861],[-46.26419,-13.94744],[-46.1841,-14.15695],[-45.9644,-14.28431],[-45.90716,-14.35519],[-46.00007,-14.44662],[-45.98885,-14.65577],[-46.03938,-14.87525],[-46.08814,-14.93639],[-46.17678,-14.94944],[-46.31934,-14.90044],[-46.3222,-14.81458],[-46.50111,-14.70303],[-46.56384,-14.78338],[-46.52156,-14.85118],[-46.54654,-14.92544],[-46.5026,-15.05225],[-46.62544,-15.08951],[-46.8569,-15.01027],[-46.92506,-15.05751],[-46.88832,-15.11254],[-46.92766,-15.2551],[-46.8359,-15.32654],[-46.93047,-15.44309],[-46.94612,-15.56333],[-46.85488,-15.6183],[-46.8069,-15.87925],[-47.05293,-15.93647],[-47.15152,-15.93448],[-47.21766,-16.01396],[-47.31001,-16.03627],[-47.36866,-16.00316],[-47.37874,-15.88416],[-47.31482,-15.74808],[-47.32088,-15.58661],[-47.41841,-15.54566],[-47.41841,-15.50182],[-48.20001,-15.50228],[-48.20804,-15.71793],[-48.28066,-15.82395],[-48.25139,-15.95565],[-48.27781,-16.0496],[-47.3085,-16.04997],[-47.35047,-16.12971],[-47.32198,-16.23143],[-47.45437,-16.46461],[-47.41267,-16.57438],[-47.29552,-16.62583],[-47.22266,-16.72574],[-47.20842,-16.87475],[-47.12741,-16.97865],[-47.1821,-17.06395],[-47.35199,-17.1665],[-47.43446,-17.27622],[-47.44054,-17.34648],[-47.53961,-17.38804],[-47.46689,-17.53402],[-47.32541,-17.5238],[-47.2648,-17.61139],[-47.37121,-17.83135],[-47.28344,-18.05775],[-47.54015,-18.19352],[-47.63777,-18.28908],[-47.6102,-18.31387],[-47.77902,-18.42414],[-47.9622,-18.49607],[-48.06272,-18.41395],[-48.27501,-18.32911],[-48.31807,-18.3671],[-48.48641,-18.37491],[-48.60235,-18.33482],[-48.78717,-18.3532],[-48.93677,-18.30621],[-49.07905,-18.41667],[-49.12631,-18.38431],[-49.29463,-18.56559],[-49.40571,-18.6451],[-49.48545,-18.5518],[-49.64201,-18.55524],[-49.78368,-18.64134],[-50.02006,-18.59936],[-50.08004,-18.67224],[-50.31449,-18.70075],[-50.44344,-18.89412],[-50.50568,-18.9322],[-50.49508,-19.01287],[-50.58653,-19.13949],[-50.67769,-19.13981],[-50.81707,-19.28932],[-50.87536,-19.42284],[-50.84939,-19.49814],[-50.935,-19.46748],[-51.08853,-19.30773]]]}},{"type":"Feature","properties":{"codigo":"24","sigla":"RN","nome":"Rio Grande do Norte","regiao":"Nordeste","area_km2":52809.6},"geometry":{"type":"MultiPolygon","coordinates":[[[[-38.57955,-6.27963],[-38.51971,-6.22304],[-38.44732,-6.08528],[-38.38184,-6.05347],[-38.3065,-6.08703],[-38.12252,-5.88174],[-38.04701,-5.73026],[-38.08199,-5.67012],[-37.99004,-5.5558],[-37.90225,-5.50066],[-37.84747,-5.34002],[-37.78311,-5.29482],[-37.78997,-5.2145],[-37.72509,-5.07062],[-37.67762,-5.05409],[-37.64034,-4.9264],[-37.25266,-4.83139],[-37.15764,-4.94537],[-37.03726,-4.94987],[-36.95997,-4.91863],[-36.86714,-4.95811],[-36.7291,-5.07718],[-36.6134,-5.09433],[-36.50776,-5.06231],[-36.38816,-5.08691],[-36.12896,-5.09239],[-35.9483,-5.04436],[-35.78656,-5.07506],[-35.48953,-5.15705],[-35.37071,-5.28459],[-35.26012,-5.5056],[-35.1922,-5.70059],[-35.20327,-5.74913],[-35.1452,-5.96288],[-35.10611,-6.0123],[-35.09496,-6.18245],[-35.03598,-6.2354],[-35.0272,-6.35099],[-34.96846,-6.4872],[-35.14544,-6.55271],[-35.21823,-6.5186],[-35.33077,-6.54434],[-35.46079,-6.47695],[-35.58053,-6.48711],[-35.66016,-6.44528],[-35.76336,-6.48219],[-36.00535,-6.48105],[-36.08001,-6.40519],[-36.24977,-6.43736],[-36.29522,-6.39456],[-36.30352,-6.28303],[-36.39456,-6.29397],[-36.4326,-6.3631],[-36.49985,-6.35816],[-36.52585,-6.50116],[-36.44223,-6.56471],[-36.43586,-6.62588],[-36.51381,-6.59439],[-36.55869,-6.70765],[-36.50996,-6.81795],[-36.60361,-6.93046],[-36.76654,-6.93587],[-36.7302,-6.8364],[-36.83503,-6.73107],[-36.96923,-6.7705],[-37.00386,-6.70975],[-37.19266,-6.82614],[-37.25514,-6.81106],[-37.28372,-6.69391],[-37.4847,-6.71004],[-37.48236,-6.54771],[-37.39579,-6.51009],[-37.37733,-6.34439],[-37.27314,-6.27997],[-37.15692,-6.15249],[-37.17939,-6.04998],[-37.25647,-6.02847],[-37.45895,-6.145],[-37.74237,-6.18898],[-37.76488,-6.29224],[-37.81042,-6.29166],[-37.89026,-6.40014],[-38.0434,-6.44335],[-38.11706,-6.52267],[-38.32844,-6.46066],[-38.48856,-6.36161],[-38.56251,-6.35565],[-38.57955,-6.27963]]],[[[-37.04412,-4.81854],[-37.04575,-4.81668],[-37.04483,-4.81636],[-37.04412,-4.81854]]]]}},{"type":"Feature","properties":{"codigo":"21","sigla":"MA","nome":"Maranhão","regiao":"Nordeste","area_km2":329651.463},"geometry":{"type":"MultiPolygon","coordinates":[[[[-46.02322,-10.18338],[-46.16898,-10.21138],[-46.20201,-10.17401],[-46.32478,-10.18319],[-46.4452,-10.07739],[-46.4729,-9.87744],[-46.51287,-9.7975],[-46.64439,-9.74033],[-46.55992,-9.494],[-46.66598,-9.39192],[-46.75431,-9.4138],[-46.84706,-9.29242],[-46.81961,-9.21162],[-46.92631,-9.13494],[-46.94029,-9.06374],[-47.06873,-9.06387],[-46.99292,-8.87889],[-46.91815,-8.85699],[-46.93128,-8.72675],[-46.88695,-8.68649],[-46.90318,-8.59324],[-46.79656,-8.44663],[-46.78243,-8.36808],[-46.7281,-8.38638],[-46.63319,-8.31831],[-46.544,-8.31744],[-46.48858,-8.20681],[-46.51522,-8.17286],[-46.46586,-8.06897],[-46.50121,-7.97321],[-46.60855,-7.89302],[-46.87212,-7.9551],[-46.99681,-8.06598],[-47.0458,-8.05276],[-47.19016,-7.84212],[-47.24668,-7.80862],[-47.35256,-7.64179],[-47.38228,-7.6546],[-47.42433,-7.53036],[-47.5028,-7.43906],[-47.57986,-7.41868],[-47.4782,-7.33675],[-47.5429,-7.26538],[-47.65066,-7.30226],[-47.74513,-7.1625],[-47.66037,-7.15137],[-47.54829,-7.01889],[-47.50704,-6.87201],[-47.5289,-6.82812],[-47.49864,-6.67123],[-47.41634,-6.48388],[-47.43421,-6.43119],[-47.37864,-6.27276],[-47.4232,-6.16019],[-47.44781,-5.99607],[-47.43106,-5.86921],[-47.49309,-5.71004],[-47.50012,-5.5256],[-47.74431,-5.38013],[-47.82754,-5.38659],[-47.87292,-5.27236],[-48.00121,-5.23425],[-48.07738,-5.27343],[-48.1768,-5.25972],[-48.36391,-5.16838],[-48.51946,-5.19214],[-48.60613,-5.3365],[-48.65836,-5.3082],[-48.75515,-5.34917],[-47.81615,-4.61473],[-47.67996,-4.60862],[-47.61517,-4.55998],[-47.44205,-4.28743],[-47.37177,-4.24559],[-47.31868,-4.04763],[-47.19519,-3.98561],[-47.08874,-3.86158],[-47.03702,-3.66797],[-47.05705,-3.65458],[-46.94425,-3.3772],[-46.81222,-3.30205],[-46.7689,-3.1765],[-46.6765,-3.09414],[-46.64992,-2.99602],[-46.68115,-2.89361],[-46.58957,-2.84578],[-46.66961,-2.7346],[-46.60609,-2.63947],[-46.50685,-2.61687],[-46.50172,-2.54678],[-46.41933,-2.53243],[-46.46331,-2.36224],[-46.4163,-2.27382],[-46.2833,-2.15439],[-46.21103,-1.83106],[-46.31005,-1.80627],[-46.31188,-1.73323],[-46.21122,-1.72718],[-46.15532,-1.6754],[-46.13363,-1.58182],[-46.17614,-1.47738],[-46.10372,-1.33729],[-46.16158,-1.28189],[-46.10411,-1.20197],[-46.07708,-1.19624],[-46.01799,-1.08053],[-45.96783,-1.08722],[-45.95776,-1.19514],[-45.86407,-1.21184],[-45.76424,-1.19584],[-45.6899,-1.2736],[-45.64273,-1.23192],[-45.59211,-1.30244],[-45.54894,-1.27638],[-45.50448,-1.37687],[-45.44711,-1.29288],[-45.4888,-1.46938],[-45.39258,-1.41428],[-45.36226,-1.31888],[-45.30862,-1.33292],[-45.30148,-1.43895],[-45.38341,-1.46666],[-45.30845,-1.49681],[-45.34347,-1.58679],[-45.24959,-1.58723],[-45.19802,-1.48842],[-45.10319,-1.47313],[-44.93712,-1.48987],[-44.83054,-1.42772],[-44.91813,-1.54101],[-44.91254,-1.59435],[-44.76349,-1.59474],[-44.72336,-1.55672],[-44.63633,-1.61656],[-44.74827,-1.65203],[-44.7998,-1.70429],[-44.70157,-1.72497],[-44.75937,-1.78303],[-44.65373,-1.76937],[-44.65252,-1.7154],[-44.57357,-1.77502],[-44.55377,-1.88164],[-44.48208,-1.98832],[-44.56912,-2.02218],[-44.48778,-2.04623],[-44.55043,-2.08841],[-44.63412,-2.22854],[-44.62323,-2.26735],[-44.52935,-2.15917],[-44.46262,-2.14497],[-44.39833,-2.21503],[-44.35801,-2.34052],[-44.38798,-2.40889],[-44.47789,-2.4112],[-44.44294,-2.45752],[-44.53559,-2.52983],[-44.65135,-2.80654],[-44.67721,-2.91224],[-44.66251,-3.01294],[-44.57387,-3.04439],[-44.49612,-3.02658],[-44.42482,-2.94393],[-44.40904,-2.79187],[-44.35416,-2.60345],[-44.37772,-2.5685],[-44.30457,-2.48751],[-44.03177,-2.40628],[-44.03616,-2.55669],[-44.09281,-2.57474],[-44.13802,-2.68183],[-44.25136,-2.73211],[-44.25666,-2.77834],[-44.09491,-2.75325],[-43.93122,-2.56162],[-43.7268,-2.38647],[-43.72036,-2.29139],[-43.62721,-2.25123],[-43.59432,-2.28271],[-43.6446,-2.40127],[-43.73987,-2.43217],[-43.76782,-2.49391],[-43.70124,-2.51294],[-43.57861,-2.50614],[-43.53745,-2.42191],[-43.46962,-2.48804],[-43.45662,-2.48262],[-43.48332,-2.38534],[-43.44143,-2.3417],[-43.23741,-2.35869],[-42.82872,-2.54336],[-42.69643,-2.57376],[-42.62101,-2.64508],[-42.49386,-2.70493],[-42.36478,-2.71545],[-42.26356,-2.7579],[-42.25504,-2.67581],[-42.07126,-2.68704],[-42.04296,-2.72958],[-41.80725,-2.73004],[-41.82601,-2.75727],[-41.86604,-2.86997],[-41.79673,-2.96062],[-41.8957,-3.09395],[-41.89779,-3.09562],[-41.90014,-3.09683],[-41.90152,-3.09717],[-41.9364,-3.15099],[-41.93694,-3.15155],[-41.93736,-3.15218],[-41.93997,-3.15694],[-41.94075,-3.16264],[-41.93606,-3.17674],[-41.93503,-3.1824],[-41.9352,-3.18305],[-41.93556,-3.18355],[-41.9361,-3.1838],[-41.9458,-3.17462],[-41.94632,-3.17421],[-41.94698,-3.17389],[-41.94778,-3.1738],[-41.94868,-3.17376],[-41.9511,-3.17464],[-41.95165,-3.17489],[-41.95468,-3.17718],[-41.95632,-3.18012],[-41.97275,-3.19371],[-41.9729,-3.19426],[-41.97315,-3.19719],[-41.97217,-3.20407],[-41.97979,-3.21597],[-42.12365,-3.2668],[-42.1258,-3.34642],[-42.20173,-3.43134],[-42.3337,-3.43445],[-42.46126,-3.4846],[-42.48613,-3.44624],[-42.5683,-3.57048],[-42.67508,-3.67265],[-42.68407,-3.80343],[-42.73928,-3.92726],[-42.81658,-3.99317],[-42.8901,-4.15508],[-42.98643,-4.22048],[-42.96425,-4.36997],[-42.87157,-4.42814],[-42.86652,-4.5663],[-42.95309,-4.68736],[-42.94979,-4.76909],[-42.89741,-4.84261],[-42.79899,-5.18968],[-42.82372,-5.34329],[-42.9575,-5.4446],[-43.03322,-5.59207],[-43.09765,-5.62671],[-43.09926,-5.90155],[-43.05094,-5.98956],[-43.07618,-6.04274],[-42.96991,-6.17733],[-42.84731,-6.27818],[-42.86555,-6.48218],[-42.91871,-6.66885],[-42.9928,-6.74873],[-43.14759,-6.78369],[-43.2479,-6.76768],[-43.41913,-6.84401],[-43.48118,-6.83541],[-43.63751,-6.71956],[-43.79086,-6.70233],[-43.93237,-6.772],[-43.95676,-6.74315],[-44.11628,-6.80579],[-44.20817,-6.96995],[-44.25782,-6.99909],[-44.31291,-7.11864],[-44.38606,-7.12092],[-44.56535,-7.22869],[-44.69037,-7.39577],[-44.81734,-7.36149],[-44.92285,-7.46704],[-45.0496,-7.51318],[-45.15469,-7.5128],[-45.22129,-7.56836],[-45.34069,-7.58175],[-45.47008,-7.6899],[-45.58373,-8.15694],[-45.66363,-8.25053],[-45.74536,-8.45268],[-45.75384,-8.54206],[-45.84083,-8.71577],[-45.95978,-8.81552],[-45.99509,-8.92699],[-45.93617,-9.03831],[-45.89368,-9.34262],[-45.84758,-9.35622],[-45.78352,-9.48001],[-45.84193,-9.56289],[-45.82142,-9.77313],[-45.866,-9.87165],[-45.84252,-9.93947],[-45.87854,-10.1103],[-45.94562,-10.19644],[-45.94627,-10.25855],[-46.01242,-10.2507],[-46.02322,-10.18338]]],[[[-45.14157,-1.47746],[-45.14314,-1.47547],[-45.14104,-1.4715],[-45.14157,-1.47746]]],[[[-45.09736,-1.45033],[-45.09893,-1.44528],[-45.096,-1.45006],[-45.09736,-1.45033]]],[[[-45.13374,-1.46027],[-45.11176,-1.42213],[-45.10302,-1.46415],[-45.13374,-1.46027]]],[[[-45.07493,-1.45963],[-45.08462,-1.43648],[-45.07039,-1.43801],[-45.07493,-1.45963]]],[[[-45.08785,-1.42242],[-45.08855,-1.4439],[-45.09682,-1.43501],[-45.08785,-1.42242]]],[[[-45.40448,-1.40108],[-45.41387,-1.42077],[-45.41721,-1.40291],[-45.40448,-1.40108]]],[[[-45.10349,-1.42506],[-45.08077,-1.37554],[-45.07085,-1.37853],[-45.10349,-1.42506]]],[[[-45.11491,-1.3631],[-45.09314,-1.38239],[-45.11119,-1.41283],[-45.11491,-1.3631]]],[[[-45.50062,-1.35305],[-45.49531,-1.34679],[-45.49916,-1.36171],[-45.50062,-1.35305]]],[[[-45.4913,-1.34309],[-45.48673,-1.3406],[-45.49126,-1.34823],[-45.4913,-1.34309]]],[[[-45.57646,-1.27112],[-45.57606,-1.26221],[-45.56939,-1.26977],[-45.57646,-1.27112]]],[[[-45.65217,-1.23458],[-45.65155,-1.23025],[-45.64931,-1.23357],[-45.65217,-1.23458]]],[[[-45.67074,-1.25196],[-45.70897,-1.22098],[-45.67625,-1.19084],[-45.67074,-1.25196]]],[[[-45.57808,-1.23076],[-45.57989,-1.19573],[-45.53321,-1.22583],[-45.57808,-1.23076]]],[[[-45.76968,-1.19644],[-45.77342,-1.19436],[-45.76829,-1.19105],[-45.76968,-1.19644]]],[[[-45.95398,-1.18928],[-45.95614,-1.18704],[-45.95331,-1.18327],[-45.95398,-1.18928]]],[[[-45.89498,-1.15202],[-45.89875,-1.15936],[-45.90423,-1.16195],[-45.89498,-1.15202]]],[[[-45.60487,-1.1512],[-45.60438,-1.15933],[-45.61064,-1.15381],[-45.60487,-1.1512]]],[[[-45.8268,-1.15063],[-45.82784,-1.12871],[-45.8041,-1.14251],[-45.8268,-1.15063]]],[[[-46.01692,-1.07828],[-46.01428,-1.07202],[-46.00948,-1.07258],[-46.01692,-1.07828]]],[[[-44.66711,-2.97183],[-44.66206,-2.95725],[-44.66115,-2.98018],[-44.66711,-2.97183]]],[[[-44.62829,-2.93265],[-44.62159,-2.93427],[-44.62922,-2.94333],[-44.62829,-2.93265]]],[[[-44.66432,-2.92832],[-44.64064,-2.91502],[-44.65961,-2.94459],[-44.66432,-2.92832]]],[[[-44.58618,-2.81465],[-44.47603,-2.73252],[-44.47902,-2.95786],[-44.56092,-3.02253],[-44.61387,-2.95055],[-44.58038,-2.85566],[-44.58618,-2.81465]]],[[[-44.58801,-2.86667],[-44.5886,-2.8761],[-44.59153,-2.87784],[-44.58801,-2.86667]]],[[[-44.41243,-2.79575],[-44.41169,-2.79727],[-44.41344,-2.79769],[-44.41243,-2.79575]]],[[[-44.41999,-2.41659],[-44.4252,-2.42802],[-44.42552,-2.4149],[-44.41999,-2.41659]]],[[[-44.47166,-2.06904],[-44.46789,-2.07712],[-44.48352,-2.07693],[-44.47166,-2.06904]]],[[[-44.5356,-2.02221],[-44.53861,-2.02305],[-44.54012,-2.02006],[-44.5356,-2.02221]]],[[[-44.75795,-1.68934],[-44.74039,-1.67953],[-44.74173,-1.69887],[-44.75795,-1.68934]]],[[[-44.74712,-1.67729],[-44.74535,-1.67927],[-44.75027,-1.68007],[-44.74712,-1.67729]]],[[[-44.73123,-1.65934],[-44.72693,-1.67247],[-44.74158,-1.66912],[-44.73123,-1.65934]]],[[[-44.78051,-1.57603],[-44.78534,-1.57586],[-44.78121,-1.57384],[-44.78051,-1.57603]]],[[[-44.83911,-1.55749],[-44.8266,-1.55903],[-44.82902,-1.56804],[-44.83911,-1.55749]]],[[[-44.7626,-1.58002],[-44.75327,-1.5369],[-44.73373,-1.55418],[-44.7626,-1.58002]]],[[[-44.89837,-1.5306],[-44.89596,-1.52807],[-44.89567,-1.53267],[-44.89837,-1.5306]]],[[[-44.79976,-1.52525],[-44.83356,-1.53444],[-44.78119,-1.4851],[-44.79976,-1.52525]]],[[[-44.75068,-1.51729],[-44.79292,-1.52597],[-44.76278,-1.45823],[-44.75068,-1.51729]]],[[[-44.86962,-1.48974],[-44.86394,-1.49197],[-44.87158,-1.49231],[-44.86962,-1.48974]]],[[[-44.87138,-1.48906],[-44.87104,-1.48771],[-44.86976,-1.48852],[-44.87138,-1.48906]]],[[[-45.04981,-1.36802],[-45.03943,-1.38817],[-45.0475,-1.39421],[-45.04981,-1.36802]]],[[[-44.87814,-1.28547],[-44.86692,-1.32874],[-44.98914,-1.40156],[-45.02878,-1.31803],[-44.98657,-1.26615],[-44.87814,-1.28547]]],[[[-44.09514,-2.74952],[-44.09444,-2.75024],[-44.09619,-2.75086],[-44.09514,-2.74952]]],[[[-44.09366,-2.74689],[-44.09232,-2.7468],[-44.09282,-2.74836],[-44.09366,-2.74689]]],[[[-44.37485,-2.57756],[-44.37406,-2.57732],[-44.37356,-2.57924],[-44.37485,-2.57756]]],[[[-44.36571,-2.54255],[-44.36394,-2.5438],[-44.36619,-2.54449],[-44.36571,-2.54255]]],[[[-44.3665,-2.53894],[-44.36558,-2.53864],[-44.36552,-2.54002],[-44.3665,-2.53894]]],[[[-44.37259,-2.52163],[-44.36145,-2.5226],[-44.37022,-2.52832],[-44.37259,-2.52163]]],[[[-44.35953,-2.52365],[-44.36009,-2.52358],[-44.35984,-2.52288],[-44.35953,-2.52365]]],[[[-43.68029,-2.50847],[-43.68097,-2.50679],[-43.67953,-2.50489],[-43.68029,-2.50847]]],[[[-43.7109,-2.48346],[-43.70908,-2.48242],[-43.7102,-2.48492],[-43.7109,-2.48346]]],[[[-43.46425,-2.48315],[-43.47351,-2.47378],[-43.4696,-2.47046],[-43.46425,-2.48315]]],[[[-43.85392,-2.47301],[-43.85374,-2.46933],[-43.85189,-2.46929],[-43.85392,-2.47301]]],[[[-43.85137,-2.46747],[-43.85194,-2.46638],[-43.85087,-2.46359],[-43.85137,-2.46747]]],[[[-43.8568,-2.44885],[-43.85466,-2.44837],[-43.85512,-2.44973],[-43.8568,-2.44885]]],[[[-43.85884,-2.44439],[-43.86205,-2.43288],[-43.84622,-2.42697],[-43.85884,-2.44439]]],[[[-43.78856,-2.41585],[-43.78903,-2.41519],[-43.78816,-2.41517],[-43.78856,-2.41585]]],[[[-43.76056,-2.37717],[-43.77708,-2.40942],[-43.78696,-2.37744],[-43.76056,-2.37717]]],[[[-43.61288,-2.37849],[-43.55806,-2.3555],[-43.56189,-2.42382],[-43.61288,-2.37849]]],[[[-43.53722,-2.40564],[-43.52684,-2.37074],[-43.507,-2.40542],[-43.53722,-2.40564]]]]}},{"type":"Feature","properties":{"codigo":"53","sigla":"DF","nome":"Distrito Federal","regiao":"Centro-oeste","area_km2":5760.785},"geometry":{"type":"Polygon","coordinates":[[[-48.27781,-16.0496],[-48.25139,-15.95565],[-48.28066,-15.82395],[-48.20804,-15.71793],[-48.20001,-15.50228],[-47.41841,-15.50182],[-47.41841,-15.54566],[-47.32088,-15.58661],[-47.31482,-15.74808],[-47.37874,-15.88416],[-47.36866,-16.00316],[-47.31001,-16.03627],[-47.3085,-16.04997],[-48.27781,-16.0496]]]}},{"type":"Feature","properties":{"codigo":"22","sigla":"PI","nome":"Piauí","regiao":"Nordeste","area_km2":251755.499},"geometry":{"type":"Polygon","coordinates":[[[-45.74403,-10.23996],[-45.89673,-10.26429],[-45.91094,-10.37109],[-45.97111,-10.35894],[-46.01242,-10.2507],[-45.94627,-10.25855],[-45.94562,-10.19644],[-45.87854,-10.1103],[-45.84252,-9.93947],[-45.866,-9.87165],[-45.82142,-9.77313],[-45.84193,-9.56289],[-45.78352,-9.48001],[-45.84758,-9.35622],[-45.89368,-9.34262],[-45.93617,-9.03831],[-45.99509,-8.92699],[-45.95978,-8.81552],[-45.84083,-8.71577],[-45.75384,-8.54206],[-45.74536,-8.45268],[-45.66363,-8.25053],[-45.58373,-8.15694],[-45.47008,-7.6899],[-45.34069,-7.58175],[-45.22129,-7.56836],[-45.15469,-7.5128],[-45.0496,-7.51318],[-44.92285,-7.46704],[-44.81734,-7.36149],[-44.69037,-7.39577],[-44.56535,-7.22869],[-44.38606,-7.12092],[-44.31291,-7.11864],[-44.25782,-6.99909],[-44.20817,-6.96995],[-44.11628,-6.80579],[-43.95676,-6.74315],[-43.93237,-6.772],[-43.79086,-6.70233],[-43.63751,-6.71956],[-43.48118,-6.83541],[-43.41913,-6.84401],[-43.2479,-6.76768],[-43.14759,-6.78369],[-42.9928,-6.74873],[-42.91871,-6.66885],[-42.86555,-6.48218],[-42.84731,-6.27818],[-42.96991,-6.17733],[-43.07618,-6.04274],[-43.05094,-5.98956],[-43.09926,-5.90155],[-43.09765,-5.62671],[-43.03322,-5.59207],[-42.9575,-5.4446],[-42.82372,-5.34329],[-42.79899,-5.18968],[-42.89741,-4.84261],[-42.94979,-4.76909],[-42.95309,-4.68736],[-42.86652,-4.5663],[-42.87157,-4.42814],[-42.96425,-4.36997],[-42.98643,-4.22048],[-42.8901,-4.15508],[-42.81658,-3.99317],[-42.73928,-3.92726],[-42.68407,-3.80343],[-42.67508,-3.67265],[-42.5683,-3.57048],[-42.48613,-3.44624],[-42.46126,-3.4846],[-42.3337,-3.43445],[-42.20173,-3.43134],[-42.1258,-3.34642],[-42.12365,-3.2668],[-41.97979,-3.21597],[-41.97255,-3.19328],[-41.95165,-3.17489],[-41.93657,-3.18404],[-41.93556,-3.18355],[-41.94075,-3.16264],[-41.9364,-3.15099],[-41.90152,-3.09717],[-41.90014,-3.09683],[-41.8957,-3.09395],[-41.79673,-2.96062],[-41.86604,-2.86997],[-41.82601,-2.75727],[-41.78181,-2.75831],[-41.61254,-2.8965],[-41.32268,-2.92132],[-41.24813,-3.02589],[-41.4216,-3.37054],[-41.32405,-3.38592],[-41.31974,-3.48409],[-41.36466,-3.558],[-41.34175,-3.68077],[-41.25543,-3.70326],[-41.30081,-3.8263],[-41.22024,-3.94151],[-41.25673,-4.03484],[-41.11317,-4.04979],[-41.14211,-4.12565],[-41.09089,-4.17033],[-41.1359,-4.23351],[-41.12017,-4.33057],[-41.15802,-4.37868],[-41.23344,-4.61019],[-41.17501,-4.66534],[-41.25034,-4.75663],[-41.20808,-4.78028],[-41.24957,-4.86969],[-41.08013,-5.09109],[-40.92899,-5.17167],[-40.91171,-5.26665],[-40.9438,-5.42359],[-40.90227,-5.60796],[-40.91395,-5.72497],[-40.87359,-5.97305],[-40.90755,-6.04466],[-40.84595,-6.13836],[-40.85222,-6.22422],[-40.77915,-6.34135],[-40.80515,-6.39313],[-40.78767,-6.52378],[-40.71018,-6.67613],[-40.47693,-6.73283],[-40.43217,-6.81298],[-40.42772,-7.03388],[-40.48974,-7.11869],[-40.52372,-7.31845],[-40.54846,-7.39269],[-40.71529,-7.48795],[-40.62183,-7.65832],[-40.67357,-7.76167],[-40.55486,-7.81843],[-40.54422,-7.9646],[-40.63284,-8.1393],[-40.78113,-8.25259],[-40.8374,-8.38113],[-40.89163,-8.35609],[-40.92685,-8.44634],[-40.97854,-8.39865],[-41.14949,-8.53392],[-41.20654,-8.63329],[-41.35834,-8.70762],[-41.48784,-8.8439],[-41.54557,-8.94168],[-41.7236,-9.01354],[-41.73266,-9.08773],[-41.80007,-9.14803],[-41.83797,-9.24227],[-41.91386,-9.27708],[-41.97227,-9.24864],[-42.23846,-9.28577],[-42.31608,-9.31661],[-42.49309,-9.4949],[-42.59036,-9.49835],[-42.71619,-9.55437],[-42.76996,-9.61918],[-42.82819,-9.56052],[-42.95136,-9.51038],[-42.98786,-9.40134],[-43.05779,-9.41853],[-43.12188,-9.37295],[-43.28512,-9.42003],[-43.43813,-9.26614],[-43.57903,-9.32039],[-43.68914,-9.41968],[-43.78425,-9.45477],[-43.84969,-9.54805],[-43.84195,-9.63743],[-43.78492,-9.76238],[-43.65248,-9.84357],[-43.7082,-9.91983],[-43.66517,-9.99103],[-43.69291,-10.0774],[-43.75923,-10.07461],[-43.78482,-10.19168],[-43.91623,-10.42672],[-44.02777,-10.41247],[-44.07695,-10.586],[-44.13926,-10.63988],[-44.26666,-10.62315],[-44.31455,-10.55736],[-44.50051,-10.6497],[-44.57778,-10.62677],[-44.6688,-10.68709],[-44.66278,-10.75056],[-44.78806,-10.80852],[-44.80833,-10.86615],[-44.93122,-10.92876],[-45.08211,-10.8395],[-45.24597,-10.82248],[-45.35822,-10.73221],[-45.43733,-10.61557],[-45.44741,-10.50936],[-45.39599,-10.44503],[-45.43032,-10.35946],[-45.51436,-10.28984],[-45.60318,-10.10798],[-45.72348,-10.15541],[-45.74403,-10.23996]]]}},{"type":"Feature","properties":{"codigo":"50","sigla":"MS","nome":"Mato Grosso do Sul","regiao":"Centro-oeste","area_km2":357142.01},"geometry":{"type":"Polygon","coordinates":[[[-57.71214,-17.54313],[-57.67203,-17.68208],[-57.60236,-17.80487],[-57.44728,-17.87569],[-57.38007,-17.82734],[-57.11902,-17.78104],[-56.98822,-17.65929],[-56.98236,-17.58023],[-56.87597,-17.53297],[-56.73385,-17.30986],[-56.57657,-17.33105],[-56.5026,-17.28743],[-56.44057,-17.33042],[-56.28657,-17.27044],[-56.25134,-17.21902],[-56.11234,-17.16635],[-56.04412,-17.1714],[-55.98573,-17.2584],[-55.87481,-17.26863],[-55.78442,-17.33005],[-55.58291,-17.37907],[-55.50568,-17.48597],[-55.29967,-17.54119],[-55.12726,-17.65272],[-54.94342,-17.60903],[-54.86086,-17.62385],[-54.74691,-17.51994],[-54.58334,-17.46896],[-54.5023,-17.48071],[-54.38147,-17.57568],[-54.3878,-17.63194],[-54.30242,-17.66166],[-54.19163,-17.60565],[-54.07641,-17.61575],[-54.02327,-17.47707],[-53.97305,-17.47224],[-53.82007,-17.29462],[-53.70514,-17.22815],[-53.68007,-17.25357],[-53.70389,-17.66134],[-53.85591,-17.70272],[-53.95575,-17.88302],[-53.83755,-17.9347],[-53.77422,-18.00077],[-53.61255,-17.97803],[-53.48607,-18.0404],[-53.43505,-17.98458],[-53.29191,-17.99587],[-53.17433,-18.0416],[-53.07228,-18.03398],[-53.14315,-18.08408],[-53.09966,-18.31362],[-53.02307,-18.34946],[-52.96527,-18.29894],[-52.81426,-18.3113],[-52.75887,-18.36314],[-52.8764,-18.43092],[-52.96493,-18.55003],[-52.91676,-18.64029],[-52.7481,-18.69206],[-52.59007,-18.68771],[-52.5524,-18.65708],[-52.44803,-18.69197],[-52.33382,-18.82906],[-52.18309,-18.84764],[-52.07936,-18.95109],[-51.94074,-18.96823],[-51.85222,-19.05249],[-51.60898,-19.14104],[-51.42007,-19.16621],[-51.08853,-19.30773],[-50.935,-19.46748],[-50.93056,-19.59028],[-50.99047,-19.6054],[-51.04608,-19.73558],[-50.99947,-19.90638],[-51.00047,-20.08538],[-51.06916,-20.25005],[-51.13241,-20.29553],[-51.34271,-20.35466],[-51.50022,-20.56822],[-51.59415,-20.64385],[-51.6349,-20.75485],[-51.62359,-20.94443],[-51.7137,-20.97146],[-51.78967,-21.10212],[-51.86547,-21.13054],[-51.84851,-21.26664],[-51.92868,-21.45582],[-52.10229,-21.55484],[-52.04952,-21.64309],[-52.10379,-21.74605],[-52.31902,-21.97213],[-52.37722,-22.10668],[-52.48771,-22.21721],[-52.79833,-22.37827],[-52.85476,-22.43911],[-52.99858,-22.49318],[-53.10519,-22.62193],[-53.18537,-22.71873],[-53.32909,-22.76521],[-53.54683,-22.8901],[-53.63412,-22.9985],[-53.63659,-23.12503],[-53.77596,-23.37534],[-53.98738,-23.46661],[-54.10176,-23.95196],[-54.28623,-24.06823],[-54.44014,-23.90428],[-54.66865,-23.81719],[-55.06233,-23.99329],[-55.10697,-23.96521],[-55.22904,-24.01397],[-55.30418,-23.96503],[-55.40286,-23.97416],[-55.44634,-23.91693],[-55.43626,-23.71676],[-55.53043,-23.62782],[-55.54469,-23.44933],[-55.50448,-23.37847],[-55.55591,-23.31632],[-55.52266,-23.25971],[-55.54189,-23.15613],[-55.59678,-23.1526],[-55.66585,-22.85246],[-55.61306,-22.73894],[-55.62516,-22.62825],[-55.72365,-22.55178],[-55.74871,-22.38342],[-55.84313,-22.28711],[-56.20908,-22.27821],[-56.3166,-22.21839],[-56.39294,-22.075],[-56.50337,-22.0974],[-56.56911,-22.20663],[-56.68187,-22.22281],[-56.84396,-22.30105],[-57.05949,-22.22939],[-57.32016,-22.2456],[-57.40771,-22.19769],[-57.58077,-22.17534],[-57.6101,-22.09543],[-57.70693,-22.09105],[-57.74772,-22.13905],[-57.92972,-22.12027],[-57.99507,-22.08871],[-57.91617,-21.87629],[-57.96978,-21.84425],[-57.88518,-21.68358],[-57.96162,-21.56244],[-57.85474,-21.31687],[-57.92097,-21.27765],[-57.85302,-21.22713],[-57.86636,-21.03927],[-57.81753,-20.98058],[-57.92894,-20.89523],[-57.8594,-20.82486],[-57.95949,-20.79791],[-57.86469,-20.7464],[-57.92918,-20.66403],[-57.95825,-20.7049],[-58.01313,-20.6083],[-57.99645,-20.44341],[-58.07319,-20.38799],[-58.09665,-20.25392],[-58.16642,-20.23663],[-58.16864,-20.16578],[-57.9634,-20.02696],[-57.90362,-20.04326],[-57.8591,-19.97175],[-58.13138,-19.75936],[-57.78329,-19.03507],[-57.71045,-19.03466],[-57.71971,-18.89946],[-57.76669,-18.89947],[-57.55828,-18.24067],[-57.45479,-18.23337],[-57.57413,-18.1316],[-57.60038,-18.04267],[-57.72143,-17.82899],[-57.7113,-17.72866],[-57.78301,-17.63682],[-57.75229,-17.56446],[-57.71214,-17.54313]]]}},{"type":"Feature","properties":{"codigo":"51","sigla":"MT","nome":"Mato Grosso","regiao":"Centro-oeste","area_km2":903208.027},"geometry":{"type":"Polygon","coordinates":[[[-53.17433,-18.0416],[-53.29191,-17.99587],[-53.43505,-17.98458],[-53.48607,-18.0404],[-53.61255,-17.97803],[-53.77422,-18.00077],[-53.83755,-17.9347],[-53.95575,-17.88302],[-53.85591,-17.70272],[-53.70389,-17.66134],[-53.68007,-17.25357],[-53.70514,-17.22815],[-53.82007,-17.29462],[-53.97305,-17.47224],[-54.02327,-17.47707],[-54.07641,-17.61575],[-54.19163,-17.60565],[-54.30242,-17.66166],[-54.3878,-17.63194],[-54.38147,-17.57568],[-54.5023,-17.48071],[-54.58334,-17.46896],[-54.74691,-17.51994],[-54.86086,-17.62385],[-54.94342,-17.60903],[-55.12726,-17.65272],[-55.29967,-17.54119],[-55.50568,-17.48597],[-55.58291,-17.37907],[-55.78442,-17.33005],[-55.87481,-17.26863],[-55.98573,-17.2584],[-56.04412,-17.1714],[-56.11234,-17.16635],[-56.25134,-17.21902],[-56.28657,-17.27044],[-56.44057,-17.33042],[-56.5026,-17.28743],[-56.57657,-17.33105],[-56.73385,-17.30986],[-56.87597,-17.53297],[-56.98236,-17.58023],[-56.98822,-17.65929],[-57.11902,-17.78104],[-57.38007,-17.82734],[-57.44728,-17.87569],[-57.60236,-17.80487],[-57.67203,-17.68208],[-57.71214,-17.54313],[-57.75229,-17.56446],[-57.88344,-17.44954],[-57.99637,-17.5156],[-58.12073,-17.44764],[-58.15317,-17.38364],[-58.24672,-17.35524],[-58.39894,-17.18398],[-58.39201,-17.04014],[-58.47681,-16.93667],[-58.4728,-16.74895],[-58.43618,-16.59295],[-58.3441,-16.5184],[-58.35635,-16.42602],[-58.30731,-16.37075],[-58.32217,-16.26635],[-58.38866,-16.26139],[-58.43065,-16.32268],[-59.47285,-16.27943],[-60.17406,-16.26692],[-60.23955,-15.47455],[-60.5757,-15.09752],[-60.24496,-15.09748],[-60.27365,-14.62099],[-60.32309,-14.61047],[-60.33958,-14.51037],[-60.45364,-14.31414],[-60.48056,-14.09581],[-60.39464,-13.97724],[-60.4509,-13.93645],[-60.47268,-13.79372],[-60.52851,-13.79185],[-60.70932,-13.693],[-60.6322,-13.5717],[-60.38792,-13.4547],[-60.37348,-13.32444],[-60.26851,-13.14497],[-60.26762,-13.07728],[-60.18334,-12.96763],[-60.11717,-12.95956],[-60.05922,-12.78695],[-60.07484,-12.73448],[-60.02894,-12.61857],[-59.94765,-12.59927],[-59.89818,-12.50164],[-59.77436,-12.34096],[-59.8868,-12.24509],[-59.8998,-12.11722],[-59.97936,-12.02955],[-59.9842,-11.91482],[-60.09887,-11.84555],[-60.12241,-11.6824],[-60.11091,-11.58249],[-59.93441,-11.42367],[-59.91719,-11.33843],[-59.97969,-11.23953],[-59.97678,-11.12239],[-60.15927,-11.09565],[-60.39155,-11.09379],[-60.46005,-10.98986],[-61.55026,-10.98609],[-61.47656,-10.76665],[-61.48082,-10.48775],[-61.46179,-10.4199],[-61.55333,-10.30701],[-61.58486,-10.06159],[-61.52798,-9.97043],[-61.50791,-9.86108],[-61.53243,-9.71178],[-61.47697,-9.62985],[-61.52651,-9.50107],[-61.58172,-9.45913],[-61.55315,-9.38906],[-61.61364,-9.35578],[-61.62834,-9.2571],[-61.5293,-9.24867],[-61.55575,-9.0924],[-61.46921,-8.92011],[-61.52719,-8.81686],[-61.58313,-8.79869],[-60.42018,-8.79662],[-59.48136,-8.80332],[-58.44287,-8.7994],[-58.32837,-8.71218],[-58.4373,-8.70335],[-58.38952,-8.59479],[-58.41781,-8.48952],[-58.31489,-8.32306],[-58.32246,-8.17004],[-58.28636,-8.08848],[-58.37514,-7.899],[-58.37822,-7.82744],[-58.29406,-7.77154],[-58.20217,-7.62085],[-58.21306,-7.45853],[-58.13789,-7.34903],[-58.06136,-7.39519],[-57.89675,-7.67788],[-57.83502,-7.88141],[-57.83186,-7.96152],[-57.64167,-8.21988],[-57.68656,-8.40701],[-57.63342,-8.52681],[-57.59294,-8.75648],[-57.4175,-8.79261],[-57.41622,-8.859],[-57.28948,-8.91583],[-57.20377,-8.92082],[-57.03924,-9.09829],[-57.06013,-9.18197],[-56.99555,-9.23384],[-56.82011,-9.24634],[-56.75427,-9.40636],[-56.67188,-9.3674],[-54.61345,-9.53583],[-50.22481,-9.84116],[-50.30265,-10.03541],[-50.39826,-10.15547],[-50.38195,-10.21211],[-50.41811,-10.35455],[-50.47373,-10.40491],[-50.54143,-10.60932],[-50.6029,-10.65823],[-50.57059,-10.7525],[-50.63262,-10.93186],[-50.60946,-11.06745],[-50.66448,-11.1516],[-50.67133,-11.28674],[-50.72851,-11.38257],[-50.73894,-11.54451],[-50.65693,-11.60086],[-50.72159,-11.73171],[-50.6863,-11.859],[-50.63929,-11.88457],[-50.68224,-11.99089],[-50.68138,-12.21695],[-50.64371,-12.22296],[-50.62357,-12.45528],[-50.70007,-12.59514],[-50.6562,-12.64599],[-50.62273,-12.81974],[-50.51098,-12.8609],[-50.5255,-12.97602],[-50.57085,-13.0342],[-50.60928,-13.31878],[-50.66395,-13.43496],[-50.759,-13.52032],[-50.80877,-13.69735],[-50.8739,-13.73448],[-50.84023,-13.92368],[-50.86579,-13.95984],[-50.83127,-14.08283],[-50.91003,-14.14842],[-50.97695,-14.29354],[-50.99787,-14.41381],[-50.96423,-14.5283],[-51.08964,-14.84018],[-51.08711,-14.92135],[-51.27591,-15.04376],[-51.30705,-14.98097],[-51.53411,-15.0652],[-51.64743,-15.17346],[-51.69147,-15.32491],[-51.6994,-15.48791],[-51.78068,-15.54642],[-51.76786,-15.65359],[-51.88267,-15.82849],[-51.94845,-15.8101],[-52.00953,-15.88581],[-52.25414,-15.89327],[-52.3285,-16.0704],[-52.54917,-16.165],[-52.54527,-16.22261],[-52.68214,-16.30149],[-52.69272,-16.36642],[-52.60608,-16.48602],[-52.63582,-16.55199],[-52.74067,-16.605],[-52.71526,-16.637],[-52.82937,-16.77014],[-52.88506,-16.77703],[-53.03901,-16.91212],[-53.0592,-17.07684],[-53.11152,-17.10856],[-53.21727,-17.29681],[-53.24764,-17.64779],[-53.16404,-17.76571],[-53.07228,-18.03398],[-53.17433,-18.0416]]]}},{"type":"Feature","properties":{"codigo":"27","sigla":"AL","nome":"Alagoas","regiao":"Nordeste","area_km2":27830.662},"geometry":{"type":"MultiPolygon","coordinates":[[[[-35.75839,-9.69364],[-35.76044,-9.69483],[-35.75837,-9.69331],[-35.75839,-9.69364]]],[[[-38.07776,-9.44111],[-38.20501,-9.41672],[-38.23759,-9.32979],[-38.09229,-9.17272],[-37.97856,-9.14766],[-37.8391,-8.97838],[-37.82564,-8.88857],[-37.75536,-8.84636],[-37.63836,-9.0038],[-37.52803,-8.96042],[-37.4165,-9.00656],[-37.31745,-9.0924],[-37.22878,-9.22554],[-37.11648,-9.24093],[-36.95546,-9.38125],[-36.91369,-9.29606],[-36.76177,-9.27146],[-36.56658,-9.33144],[-36.57184,-9.29258],[-36.43183,-9.21213],[-36.3536,-9.22012],[-36.27417,-9.1662],[-36.26684,-9.10238],[-36.12728,-9.03367],[-36.12825,-8.95772],[-35.91142,-8.86129],[-35.79508,-8.84769],[-35.7484,-8.91715],[-35.56748,-8.83544],[-35.44948,-8.842],[-35.15265,-8.91386],[-35.30771,-9.19406],[-35.45973,-9.34408],[-35.59283,-9.53077],[-35.6508,-9.56854],[-35.72369,-9.68465],[-35.76114,-9.68324],[-35.81373,-9.73083],[-36.02685,-10.04556],[-36.2761,-10.28028],[-36.29403,-10.35278],[-36.39594,-10.49687],[-36.4631,-10.40848],[-36.56113,-10.41762],[-36.57183,-10.31615],[-36.62155,-10.25639],[-36.72121,-10.2646],[-36.91142,-10.13878],[-36.96539,-9.98945],[-37.06495,-9.9806],[-37.16254,-9.89385],[-37.24554,-9.89184],[-37.34662,-9.79118],[-37.57242,-9.73862],[-37.71012,-9.63007],[-37.78654,-9.63865],[-37.89592,-9.54006],[-38.00329,-9.51503],[-38.07776,-9.44111]]]]}},{"type":"Feature","properties":{"codigo":"12","sigla":"AC","nome":"Acre","regiao":"Norte","area_km2":164064.761},"geometry":{"type":"Polygon","coordinates":[[[-72.58477,-7.552],[-70.05498,-7.84515],[-68.64719,-9.04942],[-67.51688,-9.56091],[-67.32582,-9.59238],[-66.81025,-9.81805],[-66.62689,-9.89803],[-66.63701,-9.94985],[-66.72884,-9.98],[-66.89859,-10.11137],[-66.95138,-10.18665],[-67.07904,-10.28934],[-67.18753,-10.33999],[-67.31596,-10.31874],[-67.31082,-10.37739],[-67.42379,-10.3914],[-67.43648,-10.44791],[-67.59452,-10.52157],[-67.70455,-10.70041],[-67.86444,-10.64067],[-67.99971,-10.64983],[-68.07736,-10.68581],[-68.10377,-10.77343],[-68.19613,-10.85859],[-68.23939,-10.95782],[-68.33104,-11.0126],[-68.48719,-11.05088],[-68.54297,-11.11136],[-68.71612,-11.14556],[-68.75939,-10.99982],[-68.91211,-11.02166],[-69.23263,-10.93996],[-69.41508,-10.92568],[-69.73565,-10.97446],[-69.80689,-10.92582],[-69.95516,-10.92852],[-70.20074,-11.05469],[-70.31398,-11.07035],[-70.43778,-11.03902],[-70.52671,-10.93514],[-70.61761,-10.99904],[-70.61687,-9.82883],[-70.53663,-9.76584],[-70.54257,-9.67994],[-70.59824,-9.60729],[-70.50495,-9.42227],[-70.56194,-9.42881],[-70.73789,-9.55916],[-70.80472,-9.64422],[-70.87067,-9.66747],[-70.99434,-9.81748],[-71.10358,-9.82268],[-71.20777,-9.95254],[-71.37741,-10.0],[-72.18045,-10.0],[-72.14361,-9.89153],[-72.15394,-9.79202],[-72.25754,-9.752],[-72.2529,-9.62253],[-72.28152,-9.54685],[-72.40842,-9.47724],[-72.51745,-9.49163],[-72.71651,-9.41227],[-73.21247,-9.41205],[-73.02587,-9.17788],[-72.9511,-9.13631],[-72.93938,-9.07214],[-72.9994,-8.91543],[-73.05839,-8.90731],[-73.15386,-8.70579],[-73.25356,-8.69135],[-73.34223,-8.61852],[-73.32962,-8.47858],[-73.53883,-8.34164],[-73.52974,-8.27669],[-73.59557,-8.20695],[-73.58808,-8.11224],[-73.69361,-7.96415],[-73.74611,-7.94927],[-73.76778,-7.86128],[-73.67925,-7.84371],[-73.68951,-7.76601],[-73.82619,-7.71312],[-73.98557,-7.53492],[-73.90889,-7.47315],[-73.95648,-7.35425],[-73.72277,-7.34041],[-73.71903,-7.22712],[-73.79814,-7.11306],[-72.58477,-7.552]]]}},{"type":"Feature","properties":{"codigo":"28","sigla":"SE","nome":"Sergipe","regiao":"Nordeste","area_km2":21938.188},"geometry":{"type":"MultiPolygon","coordinates":[[[[-36.91664,-10.84206],[-36.91696,-10.84352],[-36.91874,-10.84588],[-36.91664,-10.84206]]],[[[-37.89592,-9.54006],[-37.78654,-9.63865],[-37.71012,-9.63007],[-37.57242,-9.73862],[-37.34662,-9.79118],[-37.24554,-9.89184],[-37.16254,-9.89385],[-37.06495,-9.9806],[-36.96539,-9.98945],[-36.91142,-10.13878],[-36.72121,-10.2646],[-36.62155,-10.25639],[-36.57183,-10.31615],[-36.56113,-10.41762],[-36.4631,-10.40848],[-36.39594,-10.49687],[-36.6127,-10.5884],[-36.8675,-10.75805],[-37.03583,-10.96021],[-37.16611,-11.1825],[-37.25531,-11.28248],[-37.34115,-11.44234],[-37.45549,-11.52314],[-37.57864,-11.55215],[-37.65034,-11.51644],[-37.67301,-11.56857],[-37.81493,-11.51378],[-37.84809,-11.44435],[-37.94563,-11.42303],[-38.00559,-11.28642],[-37.98131,-11.1992],[-38.04688,-11.18164],[-38.10601,-11.02584],[-38.22817,-10.91418],[-38.245,-10.82287],[-38.20932,-10.71207],[-38.04857,-10.70345],[-37.9768,-10.75793],[-37.80993,-10.68881],[-37.81267,-10.50913],[-37.85927,-10.4285],[-37.74331,-10.33839],[-37.82602,-10.0365],[-37.91344,-9.93311],[-38.00168,-9.90362],[-38.00219,-9.81299],[-38.05562,-9.6322],[-38.00329,-9.51503],[-37.89592,-9.54006]]]]}},{"type":"Feature","properties":{"codigo":"13","sigla":"AM","nome":"Amazonas","regiao":"Norte","area_km2":1558704.331},"geometry":{"type":"Polygon","coordinates":[[[-73.75791,-7.06],[-73.76232,-6.93899],[-73.63818,-6.75356],[-73.53759,-6.68444],[-73.38003,-6.63602],[-73.35236,-6.59327],[-73.2262,-6.58452],[-73.13227,-6.49643],[-73.10621,-6.41936],[-73.16132,-6.27633],[-73.24548,-6.15379],[-73.23944,-6.04574],[-73.17701,-5.9703],[-73.15099,-5.86744],[-72.99527,-5.71753],[-72.94843,-5.53966],[-72.96132,-5.49389],[-72.86848,-5.29096],[-72.86931,-5.14573],[-72.73516,-5.0589],[-72.60684,-5.02864],[-72.59938,-4.98431],[-72.41393,-4.89873],[-72.32597,-4.77891],[-72.2723,-4.79836],[-72.10209,-4.70562],[-72.04234,-4.62297],[-71.94747,-4.60872],[-71.91938,-4.52952],[-71.78172,-4.484],[-71.59474,-4.52751],[-71.50376,-4.43876],[-71.30166,-4.44772],[-71.27016,-4.38495],[-71.1977,-4.42395],[-71.14591,-4.38136],[-71.03974,-4.4015],[-70.93332,-4.3797],[-70.82605,-4.21265],[-70.76348,-4.15994],[-70.67273,-4.19593],[-70.54893,-4.13688],[-70.46714,-4.17536],[-70.43344,-4.13152],[-70.28597,-4.17175],[-70.28886,-4.28637],[-70.20079,-4.35658],[-70.12753,-4.28563],[-70.04072,-4.2931],[-70.05132,-4.36252],[-69.93808,-4.2951],[-69.93323,-4.2192],[-69.69112,-2.87155],[-69.45171,-1.53895],[-69.43622,-1.40349],[-69.39851,-1.3649],[-69.43092,-1.22694],[-69.40016,-1.11035],[-69.42838,-1.00386],[-69.52834,-0.92325],[-69.55814,-0.818],[-69.62392,-0.73015],[-69.56257,-0.63514],[-69.61163,-0.49794],[-69.90165,-0.33724],[-70.06502,-0.1639],[-70.04737,-0.10973],[-70.04647,0.56294],[-69.82304,0.59122],[-69.80239,0.57215],[-69.68755,0.66395],[-69.59719,0.65427],[-69.46358,0.73635],[-69.34934,0.6147],[-69.1996,0.60656],[-69.11567,0.64395],[-69.1906,0.73997],[-69.14736,0.76963],[-69.19124,0.91664],[-69.16445,0.9402],[-69.2461,1.04643],[-69.32139,1.08841],[-69.4126,1.0391],[-69.44011,1.07454],[-69.70351,1.07501],[-69.70264,1.11831],[-69.84657,1.07652],[-69.84575,1.7137],[-69.63639,1.72284],[-69.53468,1.77683],[-69.39325,1.72675],[-68.16329,1.72779],[-68.28519,1.83635],[-68.20475,1.98367],[-68.14649,1.97265],[-68.01993,1.82017],[-67.91748,1.81911],[-67.88509,1.89406],[-67.74896,2.03539],[-67.65906,1.99143],[-67.54282,2.15281],[-67.37194,2.21847],[-67.33472,1.97944],[-67.26461,1.85558],[-67.19485,1.85358],[-67.13978,1.7603],[-67.13872,1.60595],[-67.07723,1.46934],[-67.08956,1.3486],[-67.15558,1.31813],[-67.09823,1.25465],[-67.08919,1.16561],[-66.85689,1.22795],[-66.31057,0.74501],[-66.204,0.78047],[-66.14628,0.7476],[-66.06723,0.80604],[-65.96694,0.81396],[-65.89352,0.93416],[-65.77634,0.95788],[-65.74277,1.00101],[-65.57094,0.99588],[-65.49681,0.87383],[-65.59137,0.72161],[-65.54349,0.64668],[-65.44576,0.6884],[-65.39093,0.75939],[-65.41195,0.82371],[-65.30407,0.9413],[-65.20286,0.90785],[-65.15204,1.0111],[-65.15184,1.10874],[-65.10654,1.15525],[-65.01074,1.11096],[-64.94678,1.22205],[-64.86445,1.22887],[-64.80248,1.3136],[-64.75681,1.22785],[-64.64519,1.30078],[-64.39406,1.52832],[-64.34667,1.51743],[-64.40958,1.40262],[-64.3258,1.39446],[-64.30155,1.46414],[-64.19731,1.51997],[-64.07552,1.65022],[-64.05788,1.92909],[-63.97194,1.99127],[-63.84798,1.96408],[-63.78102,1.98266],[-63.59774,2.11997],[-63.51115,2.11191],[-63.39267,2.14914],[-63.37169,2.21146],[-63.27635,2.15439],[-63.13759,2.16106],[-63.11983,2.09645],[-63.02378,2.01468],[-62.83857,2.01639],[-62.70331,1.93382],[-62.72861,1.7],[-62.80528,1.59135],[-62.63996,1.43824],[-62.52109,1.08382],[-62.47162,1.08628],[-62.44274,0.95853],[-62.48469,0.87602],[-62.46303,0.77687],[-62.53829,0.6752],[-62.51866,0.4437],[-62.44637,0.37911],[-62.45274,0.20741],[-62.40926,0.07507],[-62.3259,-0.00291],[-62.31979,-0.09634],[-62.24156,-0.17047],[-62.24806,-0.29634],[-62.18862,-0.32232],[-62.22591,-0.42092],[-62.31843,-0.54462],[-62.28672,-0.63237],[-62.35701,-0.70237],[-62.48663,-0.68147],[-62.51024,-0.75897],[-62.3958,-0.82036],[-62.25912,-0.97591],[-62.12552,-1.0373],[-62.01746,-1.14174],[-61.89662,-1.39536],[-61.79801,-1.38063],[-61.60495,-1.44813],[-61.48274,-1.58063],[-61.47329,-1.52785],[-61.53829,-1.4334],[-61.61912,-1.3948],[-61.62885,-1.30147],[-61.54286,-1.0622],[-61.58078,-0.97798],[-61.53563,-0.7544],[-61.45813,-0.65473],[-61.23363,-0.56163],[-61.21378,-0.49867],[-61.07035,-0.51278],[-60.80749,-0.69672],[-60.76266,-0.8624],[-60.5357,-0.86925],[-60.49789,-0.78143],[-60.31146,-0.71845],[-60.30525,-0.6676],[-60.39467,-0.55071],[-60.29226,-0.29444],[-60.30053,-0.21183],[-60.22164,-0.14032],[-60.20422,-0.02992],[-60.14001,0.0271],[-60.1105,0.13495],[-60.05908,0.163],[-60.03797,0.26355],[-58.89546,0.26351],[-58.8955,0.00092],[-58.86388,-0.07803],[-58.86948,-0.34748],[-58.72455,-0.44189],[-58.73506,-0.6128],[-58.66371,-0.71761],[-58.43419,-0.89218],[-58.42891,-1.02862],[-58.31672,-1.14768],[-58.2576,-1.13077],[-58.15611,-1.23278],[-58.03331,-1.09799],[-57.96578,-1.17103],[-57.99871,-1.33129],[-57.95973,-1.39687],[-57.82472,-1.43775],[-57.78204,-1.50812],[-57.71207,-1.50333],[-57.67464,-1.59502],[-57.58805,-1.58061],[-57.35338,-1.73681],[-57.25864,-1.69685],[-57.08246,-1.7824],[-57.02842,-1.91802],[-56.85904,-2.01593],[-56.74788,-2.0115],[-56.76096,-2.17406],[-56.61291,-2.21017],[-56.52707,-2.1392],[-56.41388,-2.17595],[-56.31676,-2.14013],[-56.22838,-2.05622],[-56.09865,-2.02694],[-56.20377,-2.18308],[-56.3912,-2.27641],[-56.46118,-2.43424],[-56.40211,-2.45652],[-56.60976,-2.89634],[-57.00045,-3.75917],[-57.58557,-5.00074],[-58.25526,-6.45412],[-58.42731,-6.61617],[-58.48176,-6.78142],[-58.43456,-6.90881],[-58.33542,-6.98637],[-58.17514,-7.20234],[-58.13789,-7.34903],[-58.21306,-7.45853],[-58.20217,-7.62085],[-58.29406,-7.77154],[-58.37822,-7.82744],[-58.37514,-7.899],[-58.28636,-8.08848],[-58.32246,-8.17004],[-58.31489,-8.32306],[-58.41781,-8.48952],[-58.38952,-8.59479],[-58.4373,-8.70335],[-58.32837,-8.71218],[-58.44287,-8.7994],[-59.48136,-8.80332],[-60.42018,-8.79662],[-61.58313,-8.79869],[-61.62647,-8.72885],[-61.74185,-8.69519],[-61.8365,-8.73272],[-61.85975,-8.85297],[-61.99022,-8.87266],[-62.03106,-8.79971],[-62.12497,-8.80167],[-62.18839,-8.59056],[-62.26889,-8.57576],[-62.2895,-8.6391],[-62.36605,-8.49356],[-62.3608,-8.39855],[-62.46547,-8.33974],[-62.51847,-8.38474],[-62.55241,-8.29789],[-62.65035,-8.23757],[-62.68016,-8.11034],[-62.74411,-8.04383],[-62.87721,-7.97592],[-63.62125,-7.97653],[-63.62178,-8.02961],[-63.74856,-8.20787],[-63.72276,-8.2495],[-63.79123,-8.33322],[-63.87076,-8.28882],[-63.94412,-8.33119],[-63.97318,-8.47845],[-63.92317,-8.55929],[-63.98026,-8.58069],[-64.03548,-8.69356],[-64.14307,-8.74303],[-64.14177,-8.94505],[-64.31132,-8.99647],[-64.3234,-8.92886],[-64.61107,-9.01645],[-64.80782,-8.98555],[-64.87057,-9.01219],[-64.93993,-9.12457],[-64.91968,-9.22028],[-65.05355,-9.40214],[-65.14288,-9.44681],[-65.21177,-9.27899],[-65.27038,-9.26361],[-65.39352,-9.3396],[-65.44022,-9.31175],[-65.4321,-9.45863],[-65.50316,-9.46998],[-65.58811,-9.41377],[-65.67944,-9.45139],[-65.72997,-9.56307],[-65.80002,-9.58502],[-65.82508,-9.53009],[-65.9703,-9.41316],[-66.12389,-9.40878],[-66.17363,-9.43442],[-66.40886,-9.40695],[-66.39241,-9.50048],[-66.50061,-9.63356],[-66.60945,-9.6649],[-66.81025,-9.81805],[-67.32582,-9.59238],[-67.51688,-9.56091],[-68.64719,-9.04942],[-70.05498,-7.84515],[-72.58477,-7.552],[-73.79814,-7.11306],[-73.75791,-7.06]]]}},{"type":"Feature","properties":{"codigo":"25","sigla":"PB","nome":"Paraíba","regiao":"Nordeste","area_km2":56467.243},"geometry":{"type":"MultiPolygon","coordinates":[[[[-34.79816,-7.36298],[-34.798,-7.36278],[-34.79785,-7.36312],[-34.79816,-7.36298]]],[[[-34.79873,-7.36248],[-34.79896,-7.36256],[-34.79894,-7.36237],[-34.79873,-7.36248]]],[[[-34.79898,-7.36055],[-34.79876,-7.36056],[-34.7989,-7.36067],[-34.79898,-7.36055]]],[[[-34.79595,-7.349],[-34.79549,-7.34856],[-34.79559,-7.34979],[-34.79595,-7.349]]],[[[-34.79734,-7.34883],[-34.79763,-7.34873],[-34.79728,-7.34851],[-34.79734,-7.34883]]],[[[-38.65533,-7.56554],[-38.64492,-7.46002],[-38.60333,-7.45759],[-38.53459,-7.29379],[-38.6248,-7.19132],[-38.68783,-7.19016],[-38.65641,-7.09243],[-38.76511,-6.99323],[-38.75628,-6.90359],[-38.61692,-6.7933],[-38.67373,-6.70799],[-38.61229,-6.51319],[-38.51886,-6.40573],[-38.56251,-6.35565],[-38.48856,-6.36161],[-38.32844,-6.46066],[-38.11706,-6.52267],[-38.0434,-6.44335],[-37.89026,-6.40014],[-37.81042,-6.29166],[-37.76488,-6.29224],[-37.74237,-6.18898],[-37.45895,-6.145],[-37.25647,-6.02847],[-37.17939,-6.04998],[-37.15692,-6.15249],[-37.27314,-6.27997],[-37.37733,-6.34439],[-37.39579,-6.51009],[-37.48236,-6.54771],[-37.4847,-6.71004],[-37.28372,-6.69391],[-37.25514,-6.81106],[-37.19266,-6.82614],[-37.00386,-6.70975],[-36.96923,-6.7705],[-36.83503,-6.73107],[-36.7302,-6.8364],[-36.76654,-6.93587],[-36.60361,-6.93046],[-36.50996,-6.81795],[-36.55869,-6.70765],[-36.51381,-6.59439],[-36.43586,-6.62588],[-36.44223,-6.56471],[-36.52585,-6.50116],[-36.49985,-6.35816],[-36.4326,-6.3631],[-36.39456,-6.29397],[-36.30352,-6.28303],[-36.29522,-6.39456],[-36.24977,-6.43736],[-36.08001,-6.40519],[-36.00535,-6.48105],[-35.76336,-6.48219],[-35.66016,-6.44528],[-35.58053,-6.48711],[-35.46079,-6.47695],[-35.33077,-6.54434],[-35.21823,-6.5186],[-35.14544,-6.55271],[-34.96846,-6.4872],[-34.9658,-6.60035],[-34.89963,-6.86418],[-34.85394,-6.90061],[-34.87396,-6.98711],[-34.79316,-7.15456],[-34.80908,-7.50947],[-34.83388,-7.54863],[-34.96079,-7.53877],[-34.98435,-7.46353],[-35.07052,-7.39876],[-35.24859,-7.37478],[-35.35299,-7.44127],[-35.49431,-7.48221],[-35.53784,-7.58664],[-35.51963,-7.64002],[-35.60787,-7.65341],[-35.78058,-7.73835],[-35.88183,-7.75445],[-35.99822,-7.81376],[-36.06899,-7.78097],[-36.42996,-7.82711],[-36.48014,-7.92476],[-36.57171,-7.9045],[-36.61188,-7.9479],[-36.62861,-8.11105],[-36.76157,-8.19629],[-36.89595,-8.24082],[-36.9602,-8.30047],[-37.07572,-8.268],[-37.16023,-8.1704],[-37.15179,-8.00941],[-37.21959,-7.97279],[-37.35737,-7.97496],[-37.24409,-7.87385],[-37.24366,-7.819],[-37.13894,-7.74552],[-37.19795,-7.6353],[-37.11834,-7.53443],[-36.98423,-7.48226],[-37.02562,-7.38604],[-37.16534,-7.3366],[-37.23418,-7.27389],[-37.32822,-7.28806],[-37.38571,-7.35669],[-37.49604,-7.36482],[-37.52796,-7.46531],[-37.70651,-7.55058],[-37.75585,-7.61952],[-37.85716,-7.65197],[-37.9706,-7.77758],[-38.03958,-7.74812],[-38.07707,-7.83058],[-38.16422,-7.77991],[-38.28679,-7.83022],[-38.35498,-7.67843],[-38.40951,-7.73049],[-38.58996,-7.75568],[-38.71511,-7.62192],[-38.65533,-7.56554]]],[[[-34.85944,-7.01525],[-34.86627,-6.98158],[-34.84756,-6.98309],[-34.85944,-7.01525]]]]}},{"type":"Feature","properties":{"codigo":"26","sigla":"PE","nome":"Pernambuco","regiao":"Nordeste","area_km2":98064.415},"geometry":{"type":"MultiPolygon","coordinates":[[[[-35.02,-8.61261],[-35.02569,-8.61348],[-35.02354,-8.60855],[-35.02,-8.61261]]],[[[-38.31866,-9.141],[-38.28996,-9.04716],[-38.32354,-8.99001],[-38.40352,-9.03723],[-38.51981,-8.94758],[-38.4698,-8.86424],[-38.57043,-8.83037],[-38.63538,-8.98673],[-38.70654,-8.86226],[-38.79699,-8.79346],[-38.95193,-8.80467],[-39.03355,-8.73631],[-39.22852,-8.71032],[-39.28642,-8.56376],[-39.37979,-8.53282],[-39.59523,-8.65121],[-39.68884,-8.66085],[-39.6733,-8.7849],[-39.89296,-8.82879],[-39.87443,-8.93674],[-39.95803,-9.04859],[-40.06556,-9.06307],[-40.12989,-9.1103],[-40.23898,-9.05437],[-40.27319,-9.08242],[-40.30954,-9.27551],[-40.3564,-9.37699],[-40.41815,-9.35205],[-40.62317,-9.4829],[-40.76716,-9.44541],[-40.66987,-9.18613],[-40.82101,-9.07989],[-40.85101,-8.95424],[-40.92134,-8.83543],[-41.01987,-8.84403],[-41.10335,-8.78044],[-41.11371,-8.7038],[-41.27826,-8.73531],[-41.35834,-8.70762],[-41.20654,-8.63329],[-41.14949,-8.53392],[-40.97854,-8.39865],[-40.92685,-8.44634],[-40.89163,-8.35609],[-40.8374,-8.38113],[-40.78113,-8.25259],[-40.63284,-8.1393],[-40.54422,-7.9646],[-40.55486,-7.81843],[-40.67357,-7.76167],[-40.62183,-7.65832],[-40.71529,-7.48795],[-40.54846,-7.39269],[-40.52372,-7.31845],[-40.43359,-7.36718],[-40.263,-7.30102],[-40.12775,-7.38191],[-40.00071,-7.37448],[-39.8577,-7.32543],[-39.74132,-7.32682],[-39.57159,-7.42983],[-39.55283,-7.48066],[-39.46075,-7.47122],[-39.47346,-7.57286],[-39.3761,-7.61177],[-39.25256,-7.70493],[-39.20834,-7.68948],[-39.10635,-7.76023],[-39.09299,-7.85756],[-39.01183,-7.81421],[-38.96286,-7.84482],[-38.93958,-7.75877],[-38.82811,-7.71961],[-38.81969,-7.66483],[-38.71511,-7.62192],[-38.58996,-7.75568],[-38.40951,-7.73049],[-38.35498,-7.67843],[-38.28679,-7.83022],[-38.16422,-7.77991],[-38.07707,-7.83058],[-38.03958,-7.74812],[-37.9706,-7.77758],[-37.85716,-7.65197],[-37.75585,-7.61952],[-37.70651,-7.55058],[-37.52796,-7.46531],[-37.49604,-7.36482],[-37.38571,-7.35669],[-37.32822,-7.28806],[-37.23418,-7.27389],[-37.16534,-7.3366],[-37.02562,-7.38604],[-36.98423,-7.48226],[-37.11834,-7.53443],[-37.19795,-7.6353],[-37.13894,-7.74552],[-37.24366,-7.819],[-37.24409,-7.87385],[-37.35737,-7.97496],[-37.21959,-7.97279],[-37.15179,-8.00941],[-37.16023,-8.1704],[-37.07572,-8.268],[-36.9602,-8.30047],[-36.89595,-8.24082],[-36.76157,-8.19629],[-36.62861,-8.11105],[-36.61188,-7.9479],[-36.57171,-7.9045],[-36.48014,-7.92476],[-36.42996,-7.82711],[-36.06899,-7.78097],[-35.99822,-7.81376],[-35.88183,-7.75445],[-35.78058,-7.73835],[-35.60787,-7.65341],[-35.51963,-7.64002],[-35.53784,-7.58664],[-35.49431,-7.48221],[-35.35299,-7.44127],[-35.24859,-7.37478],[-35.07052,-7.39876],[-34.98435,-7.46353],[-34.96079,-7.53877],[-34.83388,-7.54863],[-34.80883,-7.63023],[-34.84504,-7.81307],[-34.82276,-7.94246],[-34.90881,-8.15518],[-34.97275,-8.38154],[-34.96055,-8.39567],[-35.09033,-8.69498],[-35.15265,-8.91386],[-35.44948,-8.842],[-35.56748,-8.83544],[-35.7484,-8.91715],[-35.79508,-8.84769],[-35.91142,-8.86129],[-36.12825,-8.95772],[-36.12728,-9.03367],[-36.26684,-9.10238],[-36.27417,-9.1662],[-36.3536,-9.22012],[-36.43183,-9.21213],[-36.57184,-9.29258],[-36.56658,-9.33144],[-36.76177,-9.27146],[-36.91369,-9.29606],[-36.95546,-9.38125],[-37.11648,-9.24093],[-37.22878,-9.22554],[-37.31745,-9.0924],[-37.4165,-9.00656],[-37.52803,-8.96042],[-37.63836,-9.0038],[-37.75536,-8.84636],[-37.82564,-8.88857],[-37.8391,-8.97838],[-37.97856,-9.14766],[-38.09229,-9.17272],[-38.23759,-9.32979],[-38.31866,-9.141]]],[[[-34.95779,-8.38562],[-34.96601,-8.38741],[-34.96455,-8.37226],[-34.95779,-8.38562]]],[[[-34.8403,-7.81653],[-34.83988,-7.816],[-34.83702,-7.81683],[-34.8403,-7.81653]]],[[[-32.43411,-3.87446],[-32.43585,-3.87467],[-32.43522,-3.87348],[-32.43411,-3.87446]]],[[[-32.4393,-3.87361],[-32.43849,-3.8721],[-32.43775,-3.87224],[-32.4393,-3.87361]]],[[[-32.44171,-3.84911],[-32.44114,-3.84891],[-32.44076,-3.84961],[-32.44171,-3.84911]]],[[[-32.4428,-3.84885],[-32.44206,-3.84824],[-32.44175,-3.8491],[-32.4428,-3.84885]]],[[[-32.41936,-3.87227],[-32.42003,-3.87073],[-32.41721,-3.87202],[-32.41936,-3.87227]]],[[[-32.42148,-3.87144],[-32.42209,-3.87036],[-32.42112,-3.87106],[-32.42148,-3.87144]]],[[[-32.41214,-3.86852],[-32.4119,-3.86884],[-32.4127,-3.86861],[-32.41214,-3.86852]]],[[[-32.41452,-3.86768],[-32.41378,-3.86696],[-32.41401,-3.86796],[-32.41452,-3.86768]]],[[[-32.40155,-3.86051],[-32.40066,-3.85994],[-32.40067,-3.86081],[-32.40155,-3.86051]]],[[[-32.40059,-3.83397],[-32.39692,-3.85662],[-32.46756,-3.87703],[-32.40059,-3.83397]]],[[[-32.40422,-3.82821],[-32.4041,-3.82752],[-32.40389,-3.82824],[-32.40422,-3.82821]]],[[[-32.39231,-3.82474],[-32.39481,-3.82526],[-32.39248,-3.82315],[-32.39231,-3.82474]]],[[[-32.39182,-3.82116],[-32.39519,-3.81926],[-32.39046,-3.81768],[-32.39182,-3.82116]]],[[[-32.3816,-3.81419],[-32.39435,-3.81254],[-32.3885,-3.80689],[-32.3816,-3.81419]]]]}},{"type":"Feature","properties":{"codigo":"11","sigla":"RO","nome":"Rondônia","regiao":"Norte","area_km2":237753.439},"geometry":{"type":"Polygon","coordinates":[[[-66.81025,-9.81805],[-66.60945,-9.6649],[-66.50061,-9.63356],[-66.39241,-9.50048],[-66.40886,-9.40695],[-66.17363,-9.43442],[-66.12389,-9.40878],[-65.9703,-9.41316],[-65.82508,-9.53009],[-65.80002,-9.58502],[-65.72997,-9.56307],[-65.67944,-9.45139],[-65.58811,-9.41377],[-65.50316,-9.46998],[-65.4321,-9.45863],[-65.44022,-9.31175],[-65.39352,-9.3396],[-65.27038,-9.26361],[-65.21177,-9.27899],[-65.14288,-9.44681],[-65.05355,-9.40214],[-64.91968,-9.22028],[-64.93993,-9.12457],[-64.87057,-9.01219],[-64.80782,-8.98555],[-64.61107,-9.01645],[-64.3234,-8.92886],[-64.31132,-8.99647],[-64.14177,-8.94505],[-64.14307,-8.74303],[-64.03548,-8.69356],[-63.98026,-8.58069],[-63.92317,-8.55929],[-63.97318,-8.47845],[-63.94412,-8.33119],[-63.87076,-8.28882],[-63.79123,-8.33322],[-63.72276,-8.2495],[-63.74856,-8.20787],[-63.62178,-8.02961],[-63.62125,-7.97653],[-62.87721,-7.97592],[-62.74411,-8.04383],[-62.68016,-8.11034],[-62.65035,-8.23757],[-62.55241,-8.29789],[-62.51847,-8.38474],[-62.46547,-8.33974],[-62.3608,-8.39855],[-62.36605,-8.49356],[-62.2895,-8.6391],[-62.26889,-8.57576],[-62.18839,-8.59056],[-62.12497,-8.80167],[-62.03106,-8.79971],[-61.99022,-8.87266],[-61.85975,-8.85297],[-61.8365,-8.73272],[-61.74185,-8.69519],[-61.62647,-8.72885],[-61.58313,-8.79869],[-61.52719,-8.81686],[-61.46921,-8.92011],[-61.55575,-9.0924],[-61.5293,-9.24867],[-61.62834,-9.2571],[-61.61364,-9.35578],[-61.55315,-9.38906],[-61.58172,-9.45913],[-61.52651,-9.50107],[-61.47697,-9.62985],[-61.53243,-9.71178],[-61.50791,-9.86108],[-61.52798,-9.97043],[-61.58486,-10.06159],[-61.55333,-10.30701],[-61.46179,-10.4199],[-61.48082,-10.48775],[-61.47656,-10.76665],[-61.55026,-10.98609],[-60.46005,-10.98986],[-60.39155,-11.09379],[-60.15927,-11.09565],[-59.97678,-11.12239],[-59.97969,-11.23953],[-59.91719,-11.33843],[-59.93441,-11.42367],[-60.11091,-11.58249],[-60.12241,-11.6824],[-60.09887,-11.84555],[-59.9842,-11.91482],[-59.97936,-12.02955],[-59.8998,-12.11722],[-59.8868,-12.24509],[-59.77436,-12.34096],[-59.89818,-12.50164],[-59.94765,-12.59927],[-60.02894,-12.61857],[-60.07484,-12.73448],[-60.05922,-12.78695],[-60.11717,-12.95956],[-60.18334,-12.96763],[-60.26762,-13.07728],[-60.26851,-13.14497],[-60.37348,-13.32444],[-60.38792,-13.4547],[-60.6322,-13.5717],[-60.70932,-13.693],[-60.87984,-13.61753],[-60.93389,-13.54071],[-61.08776,-13.49209],[-61.19429,-13.53645],[-61.24834,-13.49627],[-61.46992,-13.55525],[-61.57893,-13.5099],[-61.81712,-13.52744],[-61.88743,-13.44077],[-62.11568,-13.25847],[-62.11971,-13.15353],[-62.21479,-13.11134],[-62.27854,-13.15548],[-62.41399,-13.12838],[-62.43341,-13.08581],[-62.61257,-13.0413],[-62.66069,-12.96947],[-62.73402,-13.02187],[-62.79435,-12.99522],[-62.89216,-12.85884],[-63.0071,-12.8396],[-63.09055,-12.63601],[-63.2994,-12.68176],[-63.38389,-12.65315],[-63.43715,-12.56437],[-63.7863,-12.42794],[-63.8873,-12.44725],[-63.96336,-12.5297],[-64.23449,-12.45548],[-64.40617,-12.44705],[-64.51308,-12.34382],[-64.51279,-12.22287],[-64.55224,-12.24195],[-64.71294,-12.17358],[-64.69836,-12.10359],[-64.78847,-12.08579],[-64.83959,-12.01068],[-64.91703,-12.02838],[-65.02891,-11.99764],[-65.01886,-11.89209],[-65.07069,-11.86911],[-65.09053,-11.70778],[-65.20478,-11.74946],[-65.2608,-11.70489],[-65.21791,-11.65209],[-65.21192,-11.53049],[-65.30492,-11.5016],[-65.3635,-11.14727],[-65.28889,-11.09425],[-65.25086,-10.98455],[-65.27556,-10.87116],[-65.3625,-10.80161],[-65.34361,-10.69958],[-65.40513,-10.64055],[-65.42975,-10.48095],[-65.3918,-10.37444],[-65.28883,-10.21987],[-65.32936,-10.0432],[-65.33183,-9.93001],[-65.28866,-9.86573],[-65.35688,-9.72017],[-65.44344,-9.66932],[-65.5541,-9.83204],[-65.62761,-9.8368],[-65.70416,-9.76384],[-65.88591,-9.75248],[-65.98214,-9.80878],[-66.15202,-9.78562],[-66.21331,-9.83426],[-66.62689,-9.89803],[-66.81025,-9.81805]]]}},{"type":"Feature","properties":{"codigo":"16","sigla":"AP","nome":"Amapá","regiao":"Norte","area_km2":142253.88},"geometry":{"type":"MultiPolygon","coordinates":[[[[-50.32859,0.67435],[-50.43655,0.60011],[-50.55295,0.3125],[-50.6682,0.18503],[-50.7848,0.11211],[-50.97483,0.04179],[-51.06893,-0.07913],[-51.21636,-0.11861],[-51.34778,-0.29961],[-51.36251,-0.36811],[-51.45779,-0.51323],[-51.59554,-0.65044],[-51.68345,-0.79403],[-51.70043,-1.06321],[-51.7784,-1.14041],[-51.88729,-1.1664],[-51.96559,-1.12581],[-51.99112,-1.17182],[-52.11099,-1.215],[-52.12026,-1.1462],[-52.33299,-1.11589],[-52.42007,-1.0527],[-52.44432,-0.83417],[-52.53748,-0.85838],[-52.49741,-0.71128],[-52.53518,-0.57409],[-52.64001,-0.58491],[-52.69544,-0.4964],[-52.68417,-0.31431],[-52.8361,-0.18615],[-52.93274,-0.14231],[-52.98338,0.03338],[-53.09429,0.19531],[-53.09413,0.25896],[-53.17531,0.38172],[-53.14732,0.60033],[-53.10574,0.67946],[-53.18757,0.7645],[-53.41149,0.92934],[-53.45916,1.13368],[-53.40207,1.15398],[-53.43375,1.23449],[-53.52521,1.21172],[-53.53339,1.32243],[-53.64188,1.33497],[-53.64461,1.40555],[-53.70146,1.37792],[-53.88775,1.40779],[-53.896,1.45513],[-54.08875,1.492],[-54.12308,1.6074],[-54.37772,1.76369],[-54.49594,1.74694],[-54.60192,1.78457],[-54.74478,1.7758],[-54.756,1.97421],[-54.81134,2.03944],[-54.76311,2.20232],[-54.80756,2.34167],[-54.8747,2.41533],[-54.87099,2.43596],[-54.69648,2.46235],[-54.69393,2.35287],[-54.5365,2.32513],[-54.47823,2.21594],[-54.2671,2.14354],[-54.18349,2.17724],[-54.10635,2.1209],[-54.05867,2.19748],[-53.94498,2.21474],[-53.76853,2.37519],[-53.74681,2.30972],[-53.46974,2.2519],[-53.35882,2.34714],[-53.22641,2.25453],[-53.27429,2.21109],[-53.09976,2.22571],[-52.9879,2.16813],[-52.90573,2.1878],[-52.8586,2.28152],[-52.66056,2.37442],[-52.55194,2.51998],[-52.53265,2.65018],[-52.3261,3.07662],[-52.35286,3.12653],[-52.29251,3.22642],[-52.23377,3.24085],[-51.98816,3.62818],[-51.97391,3.70628],[-51.79864,3.88814],[-51.78071,3.96925],[-51.65112,4.06709],[-51.62946,4.19541],[-51.66964,4.2823],[-51.67002,4.42543],[-51.62842,4.50434],[-51.48588,4.43718],[-51.28336,4.25027],[-51.21639,4.14996],[-51.17565,4.01086],[-51.1793,3.9195],[-51.08068,3.88481],[-51.08177,3.55954],[-51.10931,3.45063],[-51.03282,3.21369],[-50.95421,2.83724],[-50.88731,2.74623],[-50.82701,2.51277],[-50.79422,2.49855],[-50.68187,2.1334],[-50.59806,2.06383],[-50.58266,1.98963],[-50.47496,1.8386],[-50.42373,1.80446],[-50.15869,1.81122],[-49.92062,1.68793],[-49.8817,1.50005],[-49.90427,1.29559],[-49.88308,1.16908],[-49.88978,1.0136],[-49.98902,0.93951],[-49.98838,0.87484],[-50.09736,0.76705],[-50.22039,0.74312],[-50.22609,0.69624],[-50.32859,0.67435]]],[[[-50.40541,2.11126],[-50.31742,1.9475],[-50.36699,1.88945],[-50.45492,1.8885],[-50.50963,2.08271],[-50.40541,2.11126]]],[[[-50.42263,2.11846],[-50.50766,2.09989],[-50.55243,2.1503],[-50.46676,2.18467],[-50.42263,2.11846]]]]}},{"type":"Feature","properties":{"codigo":"17","sigla":"TO","nome":"Tocantins","regiao":"Norte","area_km2":277423.625},"geometry":{"type":"Polygon","coordinates":[[[-50.62273,-12.81974],[-50.6562,-12.64599],[-50.70007,-12.59514],[-50.62357,-12.45528],[-50.64371,-12.22296],[-50.68138,-12.21695],[-50.68224,-11.99089],[-50.63929,-11.88457],[-50.6863,-11.859],[-50.72159,-11.73171],[-50.65693,-11.60086],[-50.73894,-11.54451],[-50.72851,-11.38257],[-50.67133,-11.28674],[-50.66448,-11.1516],[-50.60946,-11.06745],[-50.63262,-10.93186],[-50.57059,-10.7525],[-50.6029,-10.65823],[-50.54143,-10.60932],[-50.47373,-10.40491],[-50.41811,-10.35455],[-50.38195,-10.21211],[-50.39826,-10.15547],[-50.30265,-10.03541],[-50.22481,-9.84116],[-50.09092,-9.53282],[-50.09012,-9.4316],[-50.03778,-9.28941],[-49.90542,-9.16974],[-49.84259,-9.02733],[-49.68436,-8.85647],[-49.59241,-8.83949],[-49.40989,-8.58],[-49.34941,-8.41838],[-49.28332,-8.37956],[-49.21585,-8.19421],[-49.16278,-7.90053],[-49.16074,-7.79137],[-49.33515,-7.66868],[-49.378,-7.49645],[-49.23394,-7.32891],[-49.18528,-7.23517],[-49.20953,-6.92542],[-49.01888,-6.78421],[-48.7691,-6.7307],[-48.65196,-6.63995],[-48.66455,-6.56767],[-48.60718,-6.44801],[-48.50022,-6.35093],[-48.38268,-6.37961],[-48.43613,-6.20137],[-48.40827,-6.1534],[-48.28805,-6.09756],[-48.33472,-6.00427],[-48.23163,-5.94614],[-48.29197,-5.83684],[-48.27571,-5.72651],[-48.17598,-5.7123],[-48.13815,-5.60269],[-48.27869,-5.54042],[-48.39351,-5.39421],[-48.59673,-5.42254],[-48.75515,-5.34917],[-48.65836,-5.3082],[-48.60613,-5.3365],[-48.51946,-5.19214],[-48.36391,-5.16838],[-48.1768,-5.25972],[-48.07738,-5.27343],[-48.00121,-5.23425],[-47.87292,-5.27236],[-47.82754,-5.38659],[-47.74431,-5.38013],[-47.50012,-5.5256],[-47.49309,-5.71004],[-47.43106,-5.86921],[-47.44781,-5.99607],[-47.4232,-6.16019],[-47.37864,-6.27276],[-47.43421,-6.43119],[-47.41634,-6.48388],[-47.49864,-6.67123],[-47.5289,-6.82812],[-47.50704,-6.87201],[-47.54829,-7.01889],[-47.66037,-7.15137],[-47.74513,-7.1625],[-47.65066,-7.30226],[-47.5429,-7.26538],[-47.4782,-7.33675],[-47.57986,-7.41868],[-47.5028,-7.43906],[-47.42433,-7.53036],[-47.38228,-7.6546],[-47.35256,-7.64179],[-47.24668,-7.80862],[-47.19016,-7.84212],[-47.0458,-8.05276],[-46.99681,-8.06598],[-46.87212,-7.9551],[-46.60855,-7.89302],[-46.50121,-7.97321],[-46.46586,-8.06897],[-46.51522,-8.17286],[-46.48858,-8.20681],[-46.544,-8.31744],[-46.63319,-8.31831],[-46.7281,-8.38638],[-46.78243,-8.36808],[-46.79656,-8.44663],[-46.90318,-8.59324],[-46.88695,-8.68649],[-46.93128,-8.72675],[-46.91815,-8.85699],[-46.99292,-8.87889],[-47.06873,-9.06387],[-46.94029,-9.06374],[-46.92631,-9.13494],[-46.81961,-9.21162],[-46.84706,-9.29242],[-46.75431,-9.4138],[-46.66598,-9.39192],[-46.55992,-9.494],[-46.64439,-9.74033],[-46.51287,-9.7975],[-46.4729,-9.87744],[-46.4452,-10.07739],[-46.32478,-10.18319],[-46.20201,-10.17401],[-46.16898,-10.21138],[-46.02322,-10.18338],[-46.01242,-10.2507],[-45.97111,-10.35894],[-45.91094,-10.37109],[-45.89673,-10.26429],[-45.74403,-10.23996],[-45.72348,-10.15541],[-45.69926,-10.25857],[-45.79818,-10.32325],[-45.82021,-10.45605],[-46.06077,-10.60018],[-46.12761,-10.6206],[-46.2062,-10.80047],[-46.26054,-10.81204],[-46.26727,-10.9348],[-46.34156,-10.93901],[-46.5522,-11.2628],[-46.57646,-11.34202],[-46.52407,-11.46354],[-46.43932,-11.52105],[-46.34969,-11.5062],[-46.20951,-11.58527],[-46.10415,-11.60802],[-46.15751,-11.65137],[-46.24398,-11.60537],[-46.36172,-11.63102],[-46.30775,-11.68657],[-46.37857,-11.74862],[-46.3344,-11.80426],[-46.38099,-11.86307],[-46.31284,-11.9411],[-46.40024,-12.02481],[-46.37157,-12.12334],[-46.37161,-12.34981],[-46.29003,-12.37697],[-46.26663,-12.50667],[-46.19825,-12.50381],[-46.29666,-12.57573],[-46.27358,-12.81597],[-46.32796,-12.9547],[-46.11297,-12.91801],[-46.19819,-12.95735],[-46.3644,-12.99074],[-46.37392,-12.85145],[-46.41798,-12.82244],[-46.45465,-12.97115],[-46.75061,-12.96915],[-47.00754,-13.13785],[-47.25238,-13.21261],[-47.28143,-13.2647],[-47.37972,-13.2306],[-47.43259,-13.28863],[-47.47745,-13.18719],[-47.56497,-13.18033],[-47.61712,-13.10362],[-47.66509,-13.21843],[-47.62235,-13.36872],[-47.67975,-13.46817],[-47.79823,-13.32898],[-47.96685,-13.31501],[-48.0745,-13.23901],[-48.1431,-13.30616],[-48.15341,-13.16199],[-48.23227,-13.1697],[-48.38535,-13.2661],[-48.45889,-13.28043],[-48.47248,-13.14056],[-48.55366,-13.20328],[-48.55398,-13.30335],[-48.59986,-13.28799],[-48.57592,-13.12416],[-48.64467,-13.01098],[-48.7325,-12.98392],[-48.73513,-12.92107],[-48.87031,-12.80326],[-48.97623,-12.95789],[-49.07928,-12.90389],[-49.11768,-12.79008],[-49.22886,-12.87729],[-49.33848,-13.06754],[-49.33939,-13.25337],[-49.36832,-13.2723],[-49.90923,-12.97487],[-50.14665,-12.90324],[-50.29291,-12.83399],[-50.31078,-12.79161],[-50.21515,-12.48199],[-50.14877,-12.39613],[-50.30546,-12.49237],[-50.43419,-12.64942],[-50.51098,-12.8609],[-50.62273,-12.81974]]]}},{"type":"Feature","properties":{"codigo":"29","sigla":"BA","nome":"Bahia","regiao":"Nordeste","area_km2":564763.876},"geometry":{"type":"MultiPolygon","coordinates":[[[[-39.20831,-17.96828],[-39.20901,-17.96709],[-39.20707,-17.96668],[-39.20831,-17.96828]]],[[[-39.1987,-17.75831],[-39.20164,-17.7555],[-39.18194,-17.74807],[-39.1987,-17.75831]]],[[[-40.22235,-17.98042],[-40.26355,-17.92202],[-40.17413,-17.85156],[-40.21384,-17.75244],[-40.27268,-17.72737],[-40.3467,-17.612],[-40.41447,-17.6101],[-40.483,-17.48851],[-40.59938,-17.39182],[-40.54775,-17.28371],[-40.57167,-17.06588],[-40.49233,-16.8874],[-40.36488,-16.87462],[-40.28164,-16.90118],[-40.26913,-16.79576],[-40.33584,-16.77971],[-40.27549,-16.57342],[-40.1579,-16.57945],[-40.16292,-16.52449],[-40.08398,-16.46393],[-39.85683,-16.11382],[-39.93569,-16.02375],[-40.06654,-15.95919],[-40.07013,-15.90981],[-40.15646,-15.89954],[-40.23111,-15.80385],[-40.42503,-15.80571],[-40.46143,-15.75323],[-40.5649,-15.80155],[-40.70058,-15.66731],[-40.76766,-15.71408],[-40.81903,-15.64634],[-40.90257,-15.69184],[-40.96313,-15.6484],[-41.00606,-15.71384],[-41.14253,-15.77205],[-41.2154,-15.73717],[-41.33121,-15.74467],[-41.35642,-15.50029],[-41.80071,-15.1011],[-41.95343,-15.17566],[-42.08471,-15.18653],[-42.17332,-15.08595],[-42.26199,-15.12442],[-42.44294,-15.06132],[-42.4436,-15.02065],[-42.62071,-14.9437],[-42.89041,-14.76683],[-42.93888,-14.70803],[-43.17495,-14.65105],[-43.31123,-14.66975],[-43.46127,-14.74623],[-43.53139,-14.8153],[-43.615,-14.75989],[-43.88354,-14.65255],[-43.87483,-14.52455],[-43.78402,-14.33718],[-44.00615,-14.26736],[-44.13232,-14.28206],[-44.21806,-14.24498],[-44.4286,-14.28664],[-44.5572,-14.33704],[-44.74949,-14.47178],[-44.83324,-14.49983],[-44.87696,-14.59918],[-45.04032,-14.68048],[-45.09585,-14.753],[-45.20557,-14.74474],[-45.4103,-14.92344],[-45.56757,-14.94583],[-45.72163,-15.11223],[-45.87216,-15.1588],[-45.97173,-15.15388],[-46.07708,-15.26468],[-46.11651,-15.20482],[-46.04778,-15.16373],[-45.96608,-14.96565],[-46.03938,-14.87525],[-45.98885,-14.65577],[-46.00007,-14.44662],[-45.90716,-14.35519],[-45.9644,-14.28431],[-46.1841,-14.15695],[-46.26419,-13.94744],[-46.23247,-13.84861],[-46.2775,-13.79088],[-46.22294,-13.7654],[-46.2562,-13.68416],[-46.16275,-13.60364],[-46.24745,-13.57866],[-46.21016,-13.46189],[-46.24853,-13.43601],[-46.13547,-13.37552],[-46.06828,-13.29544],[-46.10322,-13.25751],[-46.29249,-13.31693],[-46.32768,-13.25292],[-46.27553,-13.02021],[-46.12466,-12.95982],[-46.11297,-12.91801],[-46.32796,-12.9547],[-46.27358,-12.81597],[-46.29666,-12.57573],[-46.19825,-12.50381],[-46.26663,-12.50667],[-46.29003,-12.37697],[-46.37161,-12.34981],[-46.37157,-12.12334],[-46.40024,-12.02481],[-46.31284,-11.9411],[-46.38099,-11.86307],[-46.3344,-11.80426],[-46.37857,-11.74862],[-46.30775,-11.68657],[-46.36172,-11.63102],[-46.24398,-11.60537],[-46.15751,-11.65137],[-46.10415,-11.60802],[-46.20951,-11.58527],[-46.34969,-11.5062],[-46.43932,-11.52105],[-46.52407,-11.46354],[-46.57646,-11.34202],[-46.5522,-11.2628],[-46.34156,-10.93901],[-46.26727,-10.9348],[-46.26054,-10.81204],[-46.2062,-10.80047],[-46.12761,-10.6206],[-46.06077,-10.60018],[-45.82021,-10.45605],[-45.79818,-10.32325],[-45.69926,-10.25857],[-45.72348,-10.15541],[-45.60318,-10.10798],[-45.51436,-10.28984],[-45.43032,-10.35946],[-45.39599,-10.44503],[-45.44741,-10.50936],[-45.43733,-10.61557],[-45.35822,-10.73221],[-45.24597,-10.82248],[-45.08211,-10.8395],[-44.93122,-10.92876],[-44.80833,-10.86615],[-44.78806,-10.80852],[-44.66278,-10.75056],[-44.6688,-10.68709],[-44.57778,-10.62677],[-44.50051,-10.6497],[-44.31455,-10.55736],[-44.26666,-10.62315],[-44.13926,-10.63988],[-44.07695,-10.586],[-44.02777,-10.41247],[-43.91623,-10.42672],[-43.78482,-10.19168],[-43.75923,-10.07461],[-43.69291,-10.0774],[-43.66517,-9.99103],[-43.7082,-9.91983],[-43.65248,-9.84357],[-43.78492,-9.76238],[-43.84195,-9.63743],[-43.84969,-9.54805],[-43.78425,-9.45477],[-43.68914,-9.41968],[-43.57903,-9.32039],[-43.43813,-9.26614],[-43.28512,-9.42003],[-43.12188,-9.37295],[-43.05779,-9.41853],[-42.98786,-9.40134],[-42.95136,-9.51038],[-42.82819,-9.56052],[-42.76996,-9.61918],[-42.71619,-9.55437],[-42.59036,-9.49835],[-42.49309,-9.4949],[-42.31608,-9.31661],[-42.23846,-9.28577],[-41.97227,-9.24864],[-41.91386,-9.27708],[-41.83797,-9.24227],[-41.80007,-9.14803],[-41.73266,-9.08773],[-41.7236,-9.01354],[-41.54557,-8.94168],[-41.48784,-8.8439],[-41.35834,-8.70762],[-41.27826,-8.73531],[-41.11371,-8.7038],[-41.10335,-8.78044],[-41.01987,-8.84403],[-40.92134,-8.83543],[-40.85101,-8.95424],[-40.82101,-9.07989],[-40.66987,-9.18613],[-40.76716,-9.44541],[-40.62317,-9.4829],[-40.41815,-9.35205],[-40.3564,-9.37699],[-40.30954,-9.27551],[-40.27319,-9.08242],[-40.23898,-9.05437],[-40.12989,-9.1103],[-40.06556,-9.06307],[-39.95803,-9.04859],[-39.87443,-8.93674],[-39.89296,-8.82879],[-39.6733,-8.7849],[-39.68884,-8.66085],[-39.59523,-8.65121],[-39.37979,-8.53282],[-39.28642,-8.56376],[-39.22852,-8.71032],[-39.03355,-8.73631],[-38.95193,-8.80467],[-38.79699,-8.79346],[-38.70654,-8.86226],[-38.63538,-8.98673],[-38.57043,-8.83037],[-38.4698,-8.86424],[-38.51981,-8.94758],[-38.40352,-9.03723],[-38.32354,-8.99001],[-38.28996,-9.04716],[-38.31866,-9.141],[-38.23759,-9.32979],[-38.20501,-9.41672],[-38.07776,-9.44111],[-38.00329,-9.51503],[-38.05562,-9.6322],[-38.00219,-9.81299],[-38.00168,-9.90362],[-37.91344,-9.93311],[-37.82602,-10.0365],[-37.74331,-10.33839],[-37.85927,-10.4285],[-37.81267,-10.50913],[-37.80993,-10.68881],[-37.9768,-10.75793],[-38.04857,-10.70345],[-38.20932,-10.71207],[-38.245,-10.82287],[-38.22817,-10.91418],[-38.10601,-11.02584],[-38.04688,-11.18164],[-37.98131,-11.1992],[-38.00559,-11.28642],[-37.94563,-11.42303],[-37.84809,-11.44435],[-37.81493,-11.51378],[-37.67301,-11.56857],[-37.65034,-11.51644],[-37.57864,-11.55215],[-37.45549,-11.52314],[-37.34115,-11.44234],[-37.40633,-11.53659],[-37.6101,-11.95567],[-37.76935,-12.23837],[-38.00146,-12.57801],[-38.24369,-12.85248],[-38.35354,-12.95706],[-38.46875,-13.01488],[-38.64334,-13.01531],[-38.76228,-13.11893],[-38.92919,-13.21836],[-38.96472,-13.29488],[-38.94624,-13.39892],[-38.89235,-13.46061],[-38.93294,-13.54597],[-38.89113,-13.64053],[-38.97147,-13.67208],[-39.00034,-13.77571],[-38.92879,-13.90683],[-38.99068,-14.20842],[-39.00132,-14.34594],[-39.06163,-14.62499],[-39.06219,-14.74695],[-39.02742,-14.78301],[-39.01802,-14.92335],[-38.99759,-14.98672],[-38.99075,-15.28816],[-38.95168,-15.46911],[-38.93486,-15.66539],[-38.85284,-15.84935],[-39.01106,-16.24579],[-39.00877,-16.37492],[-39.06212,-16.43578],[-39.18202,-17.11236],[-39.21206,-17.16126],[-39.21763,-17.33462],[-39.1843,-17.61459],[-39.13804,-17.69329],[-39.20805,-17.74735],[-39.26766,-17.86293],[-39.42573,-17.93315],[-39.49769,-18.00648],[-39.63542,-18.2323],[-39.66782,-18.33719],[-40.22235,-17.98042]]],[[[-38.99864,-14.97858],[-38.99791,-14.97885],[-38.9984,-14.98001],[-38.99864,-14.97858]]],[[[-39.01495,-14.79076],[-39.0154,-14.78972],[-39.01418,-14.79031],[-39.01495,-14.79076]]],[[[-39.01552,-14.77164],[-39.01563,-14.77159],[-39.01548,-14.77132],[-39.01552,-14.77164]]],[[[-39.01608,-14.77068],[-39.01578,-14.77015],[-39.01534,-14.77106],[-39.01608,-14.77068]]],[[[-39.01738,-14.77074],[-39.01798,-14.77058],[-39.01723,-14.76892],[-39.01738,-14.77074]]],[[[-38.69662,-17.98031],[-38.70062,-17.98163],[-38.70126,-17.97962],[-38.69662,-17.98031]]],[[[-38.69611,-17.97886],[-38.69624,-17.97907],[-38.69636,-17.97886],[-38.69611,-17.97886]]],[[[-38.70821,-17.97141],[-38.71413,-17.97066],[-38.70852,-17.96986],[-38.70821,-17.97141]]],[[[-38.71251,-17.96502],[-38.7083,-17.96433],[-38.70793,-17.96753],[-38.71251,-17.96502]]],[[[-38.70561,-17.9614],[-38.69869,-17.96131],[-38.69173,-17.96558],[-38.70561,-17.9614]]],[[[-38.69252,-17.96023],[-38.69231,-17.96121],[-38.69334,-17.96111],[-38.69252,-17.96023]]],[[[-38.95603,-16.22566],[-38.95531,-16.22475],[-38.95551,-16.22628],[-38.95603,-16.22566]]],[[[-38.91997,-16.17913],[-38.91938,-16.17808],[-38.91916,-16.17923],[-38.91997,-16.17913]]],[[[-38.92324,-16.03121],[-38.92203,-16.02846],[-38.92288,-16.03123],[-38.92324,-16.03121]]],[[[-38.93787,-13.83638],[-38.93931,-13.83904],[-38.9406,-13.8352],[-38.93787,-13.83638]]],[[[-38.96457,-13.67727],[-38.96531,-13.67556],[-38.96353,-13.67581],[-38.96457,-13.67727]]],[[[-38.94708,-13.38554],[-38.94555,-13.38489],[-38.94653,-13.38671],[-38.94708,-13.38554]]],[[[-38.90381,-13.38078],[-38.9043,-13.37924],[-38.90348,-13.37968],[-38.90381,-13.38078]]]]}},{"type":"Feature","properties":{"codigo":"14","sigla":"RR","nome":"Roraima","regiao":"Norte","area_km2":223505.058},"geometry":{"type":"Polygon","coordinates":[[[-63.35633,2.37957],[-63.41291,2.45212],[-63.4653,2.40198],[-63.59213,2.4562],[-63.74903,2.44098],[-63.84617,2.49538],[-63.9363,2.45661],[-64.06098,2.50589],[-63.98657,2.6488],[-64.01562,2.81219],[-64.07129,2.92419],[-64.21017,3.08312],[-64.11487,3.33449],[-64.14675,3.36492],[-64.1181,3.46912],[-64.17178,3.55619],[-64.29381,3.65373],[-64.3181,3.71332],[-64.45728,3.78257],[-64.59515,3.96174],[-64.77258,4.05719],[-64.82137,4.19473],[-64.78229,4.29122],[-64.72671,4.26598],[-64.63333,4.11808],[-64.50156,4.10585],[-64.29471,4.16115],[-64.24889,4.11914],[-64.13204,4.1025],[-63.96652,3.87034],[-63.84962,3.94834],[-63.66599,3.90994],[-63.64108,3.98122],[-63.5135,3.84815],[-63.41513,3.90157],[-63.45114,3.95569],[-63.39232,3.97912],[-63.30376,3.92115],[-63.2165,3.91513],[-63.20608,3.81489],[-63.09608,3.79084],[-63.07291,3.6867],[-62.95097,3.61114],[-62.83342,3.73757],[-62.75121,3.67427],[-62.72831,3.80758],[-62.78889,3.8927],[-62.75055,4.03352],[-62.5332,4.04916],[-62.54116,4.12638],[-62.46324,4.17871],[-62.36299,4.17166],[-62.14247,4.07562],[-62.06674,4.15773],[-61.98663,4.17934],[-61.81642,4.1663],[-61.79578,4.2293],[-61.67231,4.2625],[-61.55773,4.25195],[-61.50592,4.31984],[-61.51152,4.40611],[-61.45141,4.43895],[-61.34454,4.41746],[-61.27834,4.46799],[-61.32492,4.53222],[-61.257,4.53658],[-61.14931,4.48316],[-61.094,4.52283],[-60.99788,4.5156],[-60.9337,4.58496],[-60.94758,4.65554],[-60.75093,4.75369],[-60.58989,4.93204],[-60.61034,5.03701],[-60.68913,5.19301],[-60.68073,5.23253],[-60.43121,5.17756],[-60.20247,5.26727],[-60.11544,5.2516],[-60.08689,5.13645],[-59.97189,5.07486],[-60.02243,4.81343],[-60.02541,4.70685],[-60.07054,4.61688],[-60.15699,4.57307],[-60.16125,4.51764],[-59.97121,4.50375],[-59.73683,4.42411],[-59.66981,4.37523],[-59.73186,4.2864],[-59.72013,4.16784],[-59.61861,4.13256],[-59.65433,4.06979],[-59.51611,3.94626],[-59.59363,3.8601],[-59.57801,3.81697],[-59.67905,3.75515],[-59.66858,3.70311],[-59.86956,3.55911],[-59.80542,3.51072],[-59.84043,3.44242],[-59.80527,3.35569],[-59.90836,3.21162],[-59.98419,2.9286],[-59.98813,2.67943],[-59.89766,2.48224],[-59.89898,2.36407],[-59.74062,2.29283],[-59.72324,2.09814],[-59.75137,1.90659],[-59.7241,1.84083],[-59.65041,1.84481],[-59.69142,1.75663],[-59.53283,1.71606],[-59.37176,1.50528],[-59.32964,1.51432],[-59.25229,1.38767],[-58.98324,1.30482],[-58.91693,1.31558],[-58.89569,1.22962],[-58.89546,0.26351],[-60.03797,0.26355],[-60.05908,0.163],[-60.1105,0.13495],[-60.14001,0.0271],[-60.20422,-0.02992],[-60.22164,-0.14032],[-60.30053,-0.21183],[-60.29226,-0.29444],[-60.39467,-0.55071],[-60.30525,-0.6676],[-60.31146,-0.71845],[-60.49789,-0.78143],[-60.5357,-0.86925],[-60.76266,-0.8624],[-60.80749,-0.69672],[-61.07035,-0.51278],[-61.21378,-0.49867],[-61.23363,-0.56163],[-61.45813,-0.65473],[-61.53563,-0.7544],[-61.58078,-0.97798],[-61.54286,-1.0622],[-61.62885,-1.30147],[-61.61912,-1.3948],[-61.53829,-1.4334],[-61.47329,-1.52785],[-61.48274,-1.58063],[-61.60495,-1.44813],[-61.79801,-1.38063],[-61.89662,-1.39536],[-62.01746,-1.14174],[-62.12552,-1.0373],[-62.25912,-0.97591],[-62.3958,-0.82036],[-62.51024,-0.75897],[-62.48663,-0.68147],[-62.35701,-0.70237],[-62.28672,-0.63237],[-62.31843,-0.54462],[-62.22591,-0.42092],[-62.18862,-0.32232],[-62.24806,-0.29634],[-62.24156,-0.17047],[-62.31979,-0.09634],[-62.3259,-0.00291],[-62.40926,0.07507],[-62.45274,0.20741],[-62.44637,0.37911],[-62.51866,0.4437],[-62.53829,0.6752],[-62.46303,0.77687],[-62.48469,0.87602],[-62.44274,0.95853],[-62.47162,1.08628],[-62.52109,1.08382],[-62.63996,1.43824],[-62.80528,1.59135],[-62.72861,1.7],[-62.70331,1.93382],[-62.83857,2.01639],[-63.02378,2.01468],[-63.11983,2.09645],[-63.13759,2.16106],[-63.27635,2.15439],[-63.37169,2.21146],[-63.35633,2.37957]]]}},{"type":"Feature","properties":{"codigo":"15","sigla":"PA","nome":"Pará","regiao":"Norte","area_km2":1245831.512},"geometry":{"type":"MultiPolygon","coordinates":[[[[-54.61345,-9.53583],[-56.67188,-9.3674],[-56.75427,-9.40636],[-56.82011,-9.24634],[-56.99555,-9.23384],[-57.06013,-9.18197],[-57.03924,-9.09829],[-57.20377,-8.92082],[-57.28948,-8.91583],[-57.41622,-8.859],[-57.4175,-8.79261],[-57.59294,-8.75648],[-57.63342,-8.52681],[-57.68656,-8.40701],[-57.64167,-8.21988],[-57.83186,-7.96152],[-57.83502,-7.88141],[-57.89675,-7.67788],[-58.06136,-7.39519],[-58.13789,-7.34903],[-58.17514,-7.20234],[-58.33542,-6.98637],[-58.43456,-6.90881],[-58.48176,-6.78142],[-58.42731,-6.61617],[-58.25526,-6.45412],[-57.58557,-5.00074],[-57.00045,-3.75917],[-56.60976,-2.89634],[-56.40211,-2.45652],[-56.46118,-2.43424],[-56.3912,-2.27641],[-56.20377,-2.18308],[-56.09865,-2.02694],[-56.22838,-2.05622],[-56.31676,-2.14013],[-56.41388,-2.17595],[-56.52707,-2.1392],[-56.61291,-2.21017],[-56.76096,-2.17406],[-56.74788,-2.0115],[-56.85904,-2.01593],[-57.02842,-1.91802],[-57.08246,-1.7824],[-57.25864,-1.69685],[-57.35338,-1.73681],[-57.58805,-1.58061],[-57.67464,-1.59502],[-57.71207,-1.50333],[-57.78204,-1.50812],[-57.82472,-1.43775],[-57.95973,-1.39687],[-57.99871,-1.33129],[-57.96578,-1.17103],[-58.03331,-1.09799],[-58.15611,-1.23278],[-58.2576,-1.13077],[-58.31672,-1.14768],[-58.42891,-1.02862],[-58.43419,-0.89218],[-58.66371,-0.71761],[-58.73506,-0.6128],[-58.72455,-0.44189],[-58.86948,-0.34748],[-58.86388,-0.07803],[-58.8955,0.00092],[-58.89546,0.26351],[-58.89569,1.22962],[-58.85807,1.18634],[-58.7308,1.2094],[-58.70923,1.29371],[-58.52106,1.25729],[-58.45671,1.37262],[-58.51148,1.46144],[-58.37285,1.48127],[-58.38726,1.53643],[-58.19193,1.57283],[-58.12979,1.49774],[-58.00166,1.50174],[-57.98459,1.63041],[-57.80017,1.68724],[-57.79464,1.72391],[-57.65273,1.67872],[-57.51497,1.72369],[-57.44558,1.81065],[-57.43373,1.90826],[-57.30769,1.99938],[-57.23005,1.95154],[-57.08712,2.02973],[-57.06968,1.96239],[-56.96256,1.86927],[-56.84591,1.89294],[-56.7973,1.84601],[-56.71453,1.92478],[-56.61995,1.94584],[-56.58245,1.90465],[-56.44927,1.95622],[-56.36025,1.94391],[-56.26774,1.88392],[-56.17191,1.90033],[-56.00031,1.83614],[-55.89527,1.89499],[-55.93931,1.99301],[-55.89888,2.02925],[-55.95974,2.08638],[-56.04688,2.23518],[-56.1381,2.26478],[-56.09041,2.36735],[-56.04946,2.33539],[-55.98602,2.43121],[-55.97547,2.52528],[-55.9215,2.52803],[-55.74792,2.4093],[-55.49254,2.4451],[-55.37248,2.41095],[-55.31544,2.53021],[-55.24863,2.48586],[-55.12517,2.57152],[-55.11756,2.51608],[-54.93911,2.63224],[-54.97169,2.56653],[-54.87099,2.43596],[-54.8747,2.41533],[-54.80756,2.34167],[-54.76311,2.20232],[-54.81134,2.03944],[-54.756,1.97421],[-54.74478,1.7758],[-54.60192,1.78457],[-54.49594,1.74694],[-54.37772,1.76369],[-54.12308,1.6074],[-54.08875,1.492],[-53.896,1.45513],[-53.88775,1.40779],[-53.70146,1.37792],[-53.64461,1.40555],[-53.64188,1.33497],[-53.53339,1.32243],[-53.52521,1.21172],[-53.43375,1.23449],[-53.40207,1.15398],[-53.45916,1.13368],[-53.41149,0.92934],[-53.18757,0.7645],[-53.10574,0.67946],[-53.14732,0.60033],[-53.17531,0.38172],[-53.09413,0.25896],[-53.09429,0.19531],[-52.98338,0.03338],[-52.93274,-0.14231],[-52.8361,-0.18615],[-52.68417,-0.31431],[-52.69544,-0.4964],[-52.64001,-0.58491],[-52.53518,-0.57409],[-52.49741,-0.71128],[-52.53748,-0.85838],[-52.44432,-0.83417],[-52.42007,-1.0527],[-52.33299,-1.11589],[-52.12026,-1.1462],[-52.11099,-1.215],[-51.99112,-1.17182],[-51.96559,-1.12581],[-51.88729,-1.1664],[-51.7784,-1.14041],[-51.70043,-1.06321],[-51.68345,-0.79403],[-51.59554,-0.65044],[-51.45779,-0.51323],[-51.36251,-0.36811],[-51.34778,-0.29961],[-51.21636,-0.11861],[-51.06893,-0.07913],[-50.97483,0.04179],[-50.7848,0.11211],[-50.6682,0.18503],[-50.55295,0.3125],[-50.43655,0.60011],[-50.32859,0.67435],[-50.22609,0.69624],[-50.13349,0.61962],[-50.07264,0.63579],[-50.03641,0.53418],[-50.17274,0.39764],[-50.16782,0.34029],[-49.88921,0.3225],[-49.57317,0.41656],[-49.48863,0.3342],[-49.63329,0.24135],[-49.69958,0.15051],[-49.63223,0.07489],[-49.58258,0.08966],[-49.39701,0.06216],[-49.35894,-0.02591],[-49.43861,-0.12649],[-49.38256,-0.19153],[-49.16463,-0.13034],[-49.15596,-0.1578],[-49.1255,-0.17151],[-49.01262,-0.15988],[-48.93957,-0.22576],[-48.81008,-0.21477],[-48.74373,-0.24992],[-48.42881,-0.22717],[-48.37463,-0.30307],[-48.44111,-0.41221],[-48.47373,-0.52671],[-48.48803,-0.73396],[-48.47472,-0.8739],[-48.3658,-0.91893],[-48.26846,-0.90293],[-48.22949,-0.82782],[-48.05139,-0.65947],[-48.0197,-0.68656],[-47.99122,-0.69469],[-47.85875,-0.57037],[-47.86568,-0.67058],[-47.83622,-0.6798],[-47.82088,-0.63747],[-47.83058,-0.60956],[-47.70388,-0.53458],[-47.70213,-0.59341],[-47.63273,-0.60211],[-47.62912,-0.70727],[-47.58981,-0.57611],[-47.53153,-0.61636],[-47.48157,-0.73908],[-47.47435,-0.59227],[-47.43084,-0.6408],[-47.32371,-0.59198],[-47.17474,-0.67286],[-47.16048,-0.76228],[-47.09203,-0.67414],[-47.07777,-0.78405],[-46.99066,-0.7119],[-46.94121,-0.86924],[-46.83602,-0.74671],[-46.82764,-0.84222],[-46.7644,-0.804],[-46.73544,-0.86223],[-46.62931,-0.80083],[-46.59613,-0.84194],[-46.63641,-0.96908],[-46.53132,-0.95299],[-46.46908,-1.02529],[-46.31929,-1.02371],[-46.20758,-0.88562],[-46.19348,-1.0796],[-46.09455,-1.02063],[-46.06341,-1.10619],[-46.10411,-1.20197],[-46.16158,-1.28189],[-46.10372,-1.33729],[-46.17614,-1.47738],[-46.13363,-1.58182],[-46.15532,-1.6754],[-46.21122,-1.72718],[-46.31188,-1.73323],[-46.31005,-1.80627],[-46.21103,-1.83106],[-46.2833,-2.15439],[-46.4163,-2.27382],[-46.46331,-2.36224],[-46.41933,-2.53243],[-46.50172,-2.54678],[-46.50685,-2.61687],[-46.60609,-2.63947],[-46.66961,-2.7346],[-46.58957,-2.84578],[-46.68115,-2.89361],[-46.64992,-2.99602],[-46.6765,-3.09414],[-46.7689,-3.1765],[-46.81222,-3.30205],[-46.94425,-3.3772],[-47.05705,-3.65458],[-47.03702,-3.66797],[-47.08874,-3.86158],[-47.19519,-3.98561],[-47.31868,-4.04763],[-47.37177,-4.24559],[-47.44205,-4.28743],[-47.61517,-4.55998],[-47.67996,-4.60862],[-47.81615,-4.61473],[-48.75515,-5.34917],[-48.59673,-5.42254],[-48.39351,-5.39421],[-48.27869,-5.54042],[-48.13815,-5.60269],[-48.17598,-5.7123],[-48.27571,-5.72651],[-48.29197,-5.83684],[-48.23163,-5.94614],[-48.33472,-6.00427],[-48.28805,-6.09756],[-48.40827,-6.1534],[-48.43613,-6.20137],[-48.38268,-6.37961],[-48.50022,-6.35093],[-48.60718,-6.44801],[-48.66455,-6.56767],[-48.65196,-6.63995],[-48.7691,-6.7307],[-49.01888,-6.78421],[-49.20953,-6.92542],[-49.18528,-7.23517],[-49.23394,-7.32891],[-49.378,-7.49645],[-49.33515,-7.66868],[-49.16074,-7.79137],[-49.16278,-7.90053],[-49.21585,-8.19421],[-49.28332,-8.37956],[-49.34941,-8.41838],[-49.40989,-8.58],[-49.59241,-8.83949],[-49.68436,-8.85647],[-49.84259,-9.02733],[-49.90542,-9.16974],[-50.03778,-9.28941],[-50.09012,-9.4316],[-50.09092,-9.53282],[-50.22481,-9.84116],[-54.61345,-9.53583]]],[[[-48.96856,-0.18941],[-48.98673,-0.17999],[-48.97527,-0.17578],[-48.96856,-0.18941]]],[[[-48.94523,-0.17165],[-48.93768,-0.17194],[-48.94823,-0.18179],[-48.94523,-0.17165]]],[[[-48.97705,-0.17233],[-48.98149,-0.16651],[-48.97496,-0.16683],[-48.97705,-0.17233]]],[[[-49.14335,-0.15905],[-49.15114,-0.13575],[-49.12166,-0.15691],[-49.14335,-0.15905]]],[[[-49.50237,0.11738],[-49.47691,0.14821],[-49.45243,0.11205],[-49.50237,0.11738]]],[[[-49.66068,0.18726],[-49.6154,0.15282],[-49.67745,0.15572],[-49.66068,0.18726]]],[[[-49.6079,0.19195],[-49.55493,0.20643],[-49.56835,0.18101],[-49.6079,0.19195]]],[[[-49.60214,0.24277],[-49.55782,0.24386],[-49.61808,0.19924],[-49.60214,0.24277]]],[[[-48.4328,-0.80717],[-48.42939,-0.80503],[-48.42793,-0.80745],[-48.4328,-0.80717]]],[[[-47.99292,-0.68154],[-47.99223,-0.69349],[-47.99643,-0.68155],[-47.99292,-0.68154]]],[[[-48.01537,-0.68365],[-48.01224,-0.66194],[-48.00813,-0.68284],[-48.01537,-0.68365]]],[[[-47.8424,-0.67183],[-47.84613,-0.66264],[-47.84001,-0.6587],[-47.8424,-0.67183]]],[[[-47.97081,-0.65497],[-47.98161,-0.67341],[-47.9845,-0.65621],[-47.97081,-0.65497]]],[[[-47.838,-0.65618],[-47.83476,-0.65903],[-47.83678,-0.66475],[-47.838,-0.65618]]],[[[-47.82718,-0.64877],[-47.82977,-0.63664],[-47.82286,-0.63398],[-47.82718,-0.64877]]],[[[-47.85259,-0.63598],[-47.85192,-0.63661],[-47.85444,-0.64007],[-47.85259,-0.63598]]],[[[-47.92086,-0.59453],[-47.91769,-0.58991],[-47.90992,-0.5993],[-47.92086,-0.59453]]],[[[-47.92173,-0.58122],[-47.92157,-0.57674],[-47.91398,-0.58438],[-47.92173,-0.58122]]],[[[-48.94599,-0.20886],[-48.93001,-0.16046],[-48.86531,-0.1913],[-48.94599,-0.20886]]],[[[-48.76091,-0.18485],[-48.76171,-0.16536],[-48.74717,-0.17145],[-48.76091,-0.18485]]],[[[-48.73647,-0.17206],[-48.73488,-0.16786],[-48.73178,-0.17296],[-48.73647,-0.17206]]],[[[-46.43676,-1.01845],[-46.43676,-1.01905],[-46.43754,-1.01892],[-46.43676,-1.01845]]],[[[-46.43754,-1.01779],[-46.43862,-1.01832],[-46.44002,-1.01791],[-46.43754,-1.01779]]],[[[-46.38142,-1.02238],[-46.37985,-1.00183],[-46.37478,-1.01879],[-46.38142,-1.02238]]],[[[-46.43335,-1.01414],[-46.44553,-1.01746],[-46.43393,-1.0058],[-46.43335,-1.01414]]],[[[-46.44048,-1.00604],[-46.43663,-1.00428],[-46.43945,-1.0063],[-46.44048,-1.00604]]],[[[-46.48071,-0.9738],[-46.48621,-0.97289],[-46.48146,-0.97113],[-46.48071,-0.9738]]],[[[-46.31281,-1.00733],[-46.33998,-0.95985],[-46.3066,-0.94325],[-46.31281,-1.00733]]],[[[-46.46868,-0.96392],[-46.46977,-0.96779],[-46.476,-0.9687],[-46.46868,-0.96392]]],[[[-46.40492,-0.96538],[-46.43623,-0.9904],[-46.41089,-0.9409],[-46.40492,-0.96538]]],[[[-46.60639,-0.95515],[-46.62685,-0.95924],[-46.60255,-0.94149],[-46.60639,-0.95515]]],[[[-46.15565,-0.95263],[-46.15355,-0.9288],[-46.13723,-0.92682],[-46.15565,-0.95263]]],[[[-46.462,-0.90809],[-46.45591,-0.90813],[-46.46064,-0.91473],[-46.462,-0.90809]]],[[[-46.72814,-0.78245],[-46.72128,-0.78313],[-46.72374,-0.79004],[-46.72814,-0.78245]]]]}}]}